Address,code,purchased,value
10003003229,34126,1,20000000.0
10011009735,33214,1,20000000.0
10010009325,33214,1,130000000.0
10002002832,33214,1,300000000.0
10002002832,34181,1,10000000.0
10004003826,33214,1,46000000.0
10004004235,34239,1,3000000.0
10006006819,33214,1,40000000.0
10006006819,33236,1,10000000.0
10006006819,33247,1,10000000.0
10006006819,33258,1,10000000.0
10004003832,33134,1,13000000000.0
10004003832,33167,1,20000000.0
10006006823,33190,1,500000000.0
10006005526,34228,1,85000000.0
10006005522,33214,1,50000000.0
10006005532,33190,1,400000000.0
10010008935,34228,1,90000000.0
10005005135,33247,1,8000000.0
10012010120,34228,1,52000000.0
10006006332,33214,1,15000000.0
10010008926,33236,1,3500000.0
10002002830,33190,1,350000000.0
10105015620,33214,1,80000000.0
10101011635,33190,1,30000000.0
10101011229,33190,1,65000000.0
10102012029,33190,1,45000000.0
10102012029,33214,1,75000000.0
10105016826,33190,1,75000000.0
10105016830,33190,1,55000000.0
10115025235,33190,1,135000000.0
10110021623,33190,1,80000000.0
10113024429,33190,1,35000000.0
10102012422,33349,1,1070000000.0
10102012422,33360,1,20000000.0
10104014023,33190,1,25000000.0
10112023630,33190,1,10000000.0
10105017229,33190,1,50000000.0
10105017229,33214,1,11000000.0
10105017232,33247,1,33000000.0
10107019620,33190,1,160000000.0
10104014822,33190,1,250000000.0
10104014832,33190,1,100000000.0
10105017632,33190,1,30000000.0
10114024826,33214,1,23000000.0
10105015235,33190,1,480000000.0
10108020029,33190,1,75000000.0
10107018835,33190,1,50000000.0
10202027020,33214,1,30000000.0
10224035035,34272,1,50000000.0
10303040319,33190,1,200000000.0
10303040932,33214,1,20000000.0
10305042426,33190,1,40000000.0
10305042435,33190,1,600000000.0
10310043935,33190,1,80000000.0
10303040330,33190,1,30000000.0
10322047332,33270,1,1870000.0
10321046822,33258,8,3000000.0
10303036928,33190,1,400000000.0
10322047320,33270,1,22200000.0
10322047321,33270,1,1825000.0
10322047326,33270,1,1850000.0
10320046324,33214,1,45000000.0
10303038935,33190,1,50000000.0
10307043429,33214,1,450000000.0
10310043932,33190,1,600000000.0
10303040325,33190,1,20000000.0
10303037524,33134,,
10303037524,33156,1,50000000.0
10303037524,33178,1,6000000.0
10303037524,33190,1,1000000000.0
10303037524,33214,1,430000000.0
10303037524,34272,1,6000000000.0
10302036026,34272,,
10415057728,33214,1,75000000.0
10401049329,33214,1,20000000.0
10411056523,33214,1,3000000000.0
10505064135,33190,1,200000000.0
10505064135,33214,1,50000000.0
10514069923,34272,,
10505064129,34217,1,30000000.0
10501058532,34272,,
10505064123,33190,1,400000000.0
10510067435,34272,,
10502061020,33190,1,40000000.0
10502060235,34272, ,
10510067429,34272, ,
10502062222,33190,1,40000000.0
10502062222,33214,1,75000000.0
10502061427,33214,1,27000000.0
10510067819,34272,,
10507065423,34272,,
10514069435,33190,1,300000000.0
10501059435,34272,,
10503063019,33214,1,35000000.0
10502060622,34272,,
10507065422,34272,,
10502060635,33190,1,150000000.0
10514069423,33190,1,45000000.0
10514069426,33190,1,160000000.0
10501059425,34272,,
10510067832,34272,,
10514069424,33190,1,90000000.0
10514069424,34272,,
10605075920,33190,1,200000000.0
10615080635,33190,1,320000000.0
10603072224,33190,1,500000000.0
10613081635,33214,1,20000000.0
10613081635,34148, ,
10603073924,33214,1,220000000.0
10604075435,33190,1,500000000.0
10603074832,33190,1,200000000.0
10603074832,33214,1,233000000.0
10624082129,33190,1,60000000.0
10624082121,33190,1,100000000.0
10624082121,33214,1,15000000.0
10624082132,33190,1,1100000000.0
10604075432,33214,1,10000000.0
10603071835,33134,1,18000000000.0
10703083227,34272,1,10600000.0
10703083227,34272,8,10600000.0
10703083225,34272,1,15900000.0
10703083225,34272,8,15900000.0
10703083235,34272,1,15900000.0
10703083235,34272,8,15900000.0
10701093732,34272,1,16200000.0
10701093732,34272,8,16200000.0
10701093726,34272,1,10600000.0
10701093726,34272,8,10600000.0
10703083223,34272,1,10600000.0
10703083223,34272,8,10600000.0
10710091126,34272,1,15000000.0
10710091126,34272,8,15000000.0
10707085619,33190,1,1000000000.0
10707085619,34272,1,12500000.0
10707085619,34272,8,12500000.0
10707085620,34272,1,5000000.0
10707085620,34272,8,5000000.0
10707085626,34272,1,7500000.0
10707085626,34272,8,7500000.0
10707085632,34272,1,25000000.0
10707085632,34272,8,25000000.0
10712092023,34272,1,20000000.0
10712092023,34272,8,20000000.0
10707089725,33214,1,20000000.0
10707089726,34272,1,5000000.0
10707089726,34272,8,5000000.0
10707089724,34272,1,10000000.0
10707089724,34272,8,10000000.0
10711091620,34272,1,15000000.0
10711091620,34272,8,15000000.0
10711091623,34272,1,20000000.0
10711091623,34272,8,20000000.0
10707089735,34272,1,10000000.0
10707089735,34272,8,10000000.0
10728095720,33214,1,37000000.0
10728095720,34272,1,5000000.0
10728095720,34272,8,5000000.0
10712092024,34272,1,25000000.0
10712092024,34272,8,25000000.0
10712092026,34272,1,10000000.0
10712092026,34272,8,10000000.0
10712092029,34272,1,15000000.0
10712092029,34272,8,15000000.0
10712092032,34272,1,10000000.0
10712092032,34272,8,10000000.0
10712092035,34272,1,15000000.0
10712092035,34272,8,15000000.0
10712092420,34272,1,10000000.0
10712092420,34272,8,10000000.0
10712092423,34272,1,10000000.0
10712092423,34272,8,10000000.0
10712092426,34272,1,20000000.0
10712092426,34272,8,20000000.0
10712092430,34272,1,20000000.0
10712092430,34272,8,20000000.0
10712092432,34272,1,10000000.0
10712092432,34272,8,10000000.0
10712092435,34272,1,7500000.0
10712092435,34272,8,7500000.0
10728095723,34272,1,15000000.0
10728095723,34272,8,15000000.0
10728095726,34272,1,10000000.0
10728095726,34272,8,10000000.0
10728095729,34272,1,7500000.0
10728095729,34272,8,7500000.0
10728095732,34272,1,7500000.0
10728095732,34272,8,7500000.0
10707088821,34272,1,10000000.0
10707088821,34272,8,10000000.0
10707088829,34272,1,7500000.0
10707088829,34272,8,7500000.0
10707088832,34272,1,7500000.0
10707088832,34272,8,7500000.0
10707088835,34272,1,5000000.0
10707088835,34272,8,5000000.0
10707089722,34272,1,5000000.0
10707089722,34272,8,5000000.0
10707088823,34272,1,15000000.0
10707088823,34272,8,15000000.0
10707088826,34272,1,5000000.0
10707088826,34272,8,5000000.0
10707086523,34272,1,12500000.0
10707086523,34272,8,12500000.0
10707086535,34272,1,12500000.0
10707086535,34272,8,12500000.0
10707086921,34272,1,20000000.0
10707086921,34272,8,20000000.0
10701093730,34272,1,15400000.0
10701093730,34272,8,15400000.0
10707087823,34272,1,20000000.0
10707087823,34272,8,20000000.0
10707086520,34272,1,7500000.0
10707086520,34272,8,7500000.0
10707086526,33190,1,400000000.0
10707086526,34272,1,10000000.0
10707086526,34272,8,10000000.0
10709090735,34272,1,15000000.0
10709090735,34272,8,15000000.0
10709090732,34272,1,15000000.0
10709090732,34272,8,15000000.0
10709090729,34272,1,15000000.0
10709090729,34272,8,15000000.0
10706084426,34272,1,10000000.0
10706084426,34272,8,10000000.0
10706084420,34272,1,10000000.0
10706084420,34272,8,10000000.0
10709090723,34272,1,10000000.0
10709090723,34272,8,10000000.0
10709090721,34272,1,15000000.0
10709090721,34272,8,15000000.0
10707084823,34272,1,10000000.0
10707084823,34272,8,10000000.0
10707084821,34272,1,5000000.0
10707084821,34272,8,5000000.0
10705084027,34272,1,25000000.0
10705084027,34272,8,25000000.0
10705084035,34272,1,10000000.0
10705084035,34272,8,10000000.0
10705084029,34272,1,25000000.0
10705084029,34272,8,25000000.0
10724094920,34272,1,5000000.0
10724094920,34272,8,5000000.0
10724094932,34272,1,15000000.0
10724094932,34272,8,15000000.0
10714092819,33360,1,50000000.0
10714092832,34272,1,20000000.0
10714092832,34272,8,20000000.0
10703083220,34272,1,5300000.0
10703083220,34272,8,5300000.0
10701093735,34272,1,16200000.0
10701093735,34272,8,16200000.0
10711091626,34272,1,20000000.0
10711091626,34272,8,20000000.0
10711091632,34272,1,15000000.0
10711091632,34272,8,15000000.0
10707085222,34272,1,20000000.0
10707085222,34272,8,20000000.0
10707085226,34272,1,5000000.0
10707085226,34272,8,5000000.0
10707085228,33236,1,5400000.0
10707085228,34272,1,20000000.0
10707085228,34272,8,20000000.0
10707085232,34272,1,25000000.0
10707085232,34272,8,25000000.0
10719094320,34272,1,15000000.0
10719094320,34272,8,15000000.0
10719094323,34272,1,20000000.0
10719094323,34272,8,20000000.0
10719094326,34272,1,30000000.0
10719094326,34272,8,30000000.0
10719094329,34272,1,10000000.0
10719094329,34272,8,10000000.0
10715093332,34272,1,5000000.0
10715093332,34272,8,5000000.0
10715093320,34272,1,10000000.0
10715093320,34272,8,10000000.0
10715093323,34272,1,15000000.0
10715093323,34272,8,15000000.0
10715093328,34272,1,25000000.0
10715093328,34272,8,25000000.0
10715093335,34272,1,20000000.0
10715093335,34272,8,20000000.0
10708090219,34272,1,10000000.0
10708090219,34272,8,10000000.0
10708090221,34272,1,10000000.0
10708090221,34272,8,10000000.0
10708090226,34272,1,20000000.0
10708090226,34272,8,20000000.0
10708090229,34272,1,15000000.0
10708090229,34272,8,15000000.0
10708090232,34272,1,20000000.0
10708090232,34272,8,20000000.0
10708090235,34272,1,15000000.0
10708090235,34272,8,15000000.0
10710091119,34272,1,30000000.0
10710091119,34272,8,30000000.0
10710091121,34272,1,15000000.0
10710091121,34272,8,15000000.0
10710091129,34272,1,20000000.0
10710091129,34272,8,20000000.0
10707089319,34272,1,20000000.0
10707089319,34272,8,20000000.0
10707089320,34272,1,15000000.0
10707089320,34272,8,15000000.0
10707089326,34272,1,20000000.0
10707089326,34272,8,20000000.0
10707089335,34272,1,15000000.0
10707089335,34272,8,15000000.0
10704083626,34272,1,5000000.0
10704083626,34272,8,5000000.0
10704083632,34272,1,10000000.0
10704083632,34272,8,10000000.0
10704083635,34272,1,15000000.0
10704083635,34272,8,15000000.0
10707086023,33214,1,42000000.0
10707086023,34272,1,25000000.0
10707086023,34272,8,25000000.0
10707086026,34272,1,5000000.0
10707086026,34272,8,5000000.0
10707086032,34272,1,10000000.0
10707086032,34272,8,10000000.0
10707086035,33214,1,22500000.0
10707086035,34272,1,15000000.0
10707086035,34272,8,15000000.0
10728095735,34272,1,7500000.0
10728095735,34272,8,7500000.0
10707087429,34272,1,20000000.0
10707087429,34272,8,20000000.0
10707088332,34272,1,5000000.0
10707088332,34272,8,5000000.0
10703083232,34272,1,16200000.0
10703083232,34272,8,16200000.0
10707087835,34272,1,10000000.0
10707087835,34272,8,10000000.0
10707087422,34272,1,5000000.0
10707087422,34272,8,5000000.0
10707088321,34272,1,15000000.0
10707088321,34272,8,15000000.0
10707086925,34272,1,5000000.0
10707086925,34272,8,5000000.0
10725095320,34272,1,5000000.0
10725095320,34272,8,5000000.0
10725095323,34272,1,10000000.0
10725095323,34272,8,10000000.0
10725095326,34272,1,5000000.0
10725095326,34272,8,5000000.0
10725095329,34272,1,20000000.0
10725095329,34272,8,20000000.0
10725095332,33190,1,65000000.0
10725095332,34272,1,15000000.0
10725095332,34272,8,15000000.0
10916111932,33134,1,5200000000.0
10916111932,33156,1,20000000.0
10916111932,33214,1,100000000.0
10916110319,33214,1,15000000.0
10916110332,33112,1,1000000000.0
10916110332,33134,1,3500000000.0
10916110332,33156,1,15000000.0
10916111925,33214,1,70000000.0
10929119129,33214,1,23000000.0
10916113135,33112,1,400000000.0
10920118325,33214,1,39000000.0
10904106723,34272,,
10906107526,33214,1,3000000.0
10916112726,33112,1,1000000000.0
10917117132,33190,1,114000000.0
10929119132,33112,1,900000000.0
10916116324,33214,1,20000000.0
10907107920,33214,1,40000000.0
10919117923,33190,1,5000000.0
11002125419,33167,1,20000000.0
11002120432,33190,1,40000000.0
11002120435,33190,1,25000000.0
11006134721,33214,1,410000000.0
11009129226,33214,1,30000000.0
11012130820,33214,1,35000000.0
11013134221,33214,1,22000000.0
11019133321,33214,1,27000000.0
11019133325,33214,1,70000000.0
11002124329,33214,1,17000000.0
11002127423,33190,1,40000000.0
11002127429,33190,1,110000000.0
11002127429,33214,1,50000000.0
11002127928,33190,1,15000000.0
11015132929,34126,1,435000000.0
11017132335,33420,1,20000000.0
11105140225,33258,1,80000000.0
11105142232,33214,1,22000000.0
11105141029,33258,1,60000000.0
11210157929,33214,1,15000000.0
11210157932,33214,1,55000000.0
11204153625,33214,1,30000000.0
11203150732,33190,1,25000000.0
11205154525,33214,1,400000000.0
11204153120,33134,1,500000000.0
11204153120,33167,1,11000000.0
11303162824,33270,1,21000000.0
11303162824,34272,1,35000000.0
11304164032,34272,1,110000000.0
11309171632,34272,1,50000000.0
11308170435,33190,1,220000000.0
11308170435,33258,1,50000000.0
11308170435,33269,1,75000000.0
11306168435,33214,1,7000000.0
11303162821,33270,1,27600000.0
11303162826,33270,1,24360000.0
11304166026,34272,1,10000000.0
11303162420,34272,1,60000000.0
11304164835,34283,,
11304164429,33190,1,150000000.0
11302159629,33190,1,40000000.0
11308170419,33190,1,60000000.0
11302160819,33134, ,
11302160819,33167,1,4000000.0
11303161632,33236,1,21000000.0
11303161632,34272,1,500000000.0
11405180226,33190,1,5000000.0
11405180226,33236,1,5000000.0
11407181432,33190,1,16500000.0
11405180229,34159,1,90000000.0
11405180229,34161,1,1500000.0
11401173032,33247,1,10000000.0
11403177823,33190,1,20000000.0
11401172229,33190,1,380000000.0
11402176235,34272,1,100000000.0
11402176229,33214,1,60000000.0
11401172626,33190,1,45000000.0
11401172629,34272,1,170000000.0
11405180629,33190,1,150000000.0
11405180629,33214,1,25000000.0
11401173421,33190,1,300000000.0
11401173435,33214,1,30000000.0
11409183030,33214,1,40000000.0
11409183035,33112,1,500000000.0
11409183435,33214,1,120000000.0
11403178635,33190,1,200000000.0
11401173023,33214,1,700000000.0
11402175023,33247,1,60000000.0
11402175023,33258,1,50000000.0
11402175020,33270,1,400000000.0
11404179435,33236,1,16000000.0
11404179426,33112,1,800000000.0
11407181824,33190,1,250000000.0
11407181824,33214,1,150000000.0
11407181824,34228,1,5000000.0
11407181824,34239,1,2000000.0
11401172226,33190,1,220000000.0
11401172226,33214,1,200000000.0
11503186329,33190,1,1000000000.0
11502185329,33190,1,50000000.0
11506189426,34148,1,800000000.0
11505188527,33190,1,500000000.0
11506189423,33214,1,700000000.0
11607199820,33134,1,1000000000.0
11607199820,33156,1,4000000.0
11608200230,33190,1,45000000.0
11603195829,33190,1,520000000.0
11607199823,33190,1,530000000.0
11608200235,33214,1,38500000.0
11701202020,33214,1,9000000.0
11701202029,34272,,
11701202426,33134,1,1500000000.0
11702204423,33269,1,17000000.0
11704206823,34148,,
11704207232,33269,1,120000000.0
11705208035,33214,1,6500000.0
11701202820,34272,,
11702204035,34272,1,650000000.0
11708209626,34192,1,2800000000.0
11703205635,33214,1,105000000.0
11705207632,33214,1,7000000.0
11803214020,33112,1,3000000000.0
11803214020,33316,1,500000000.0
11803214020,33338,1,1000000000.0
11804214829,33214,1,5300000.0
11806216820,33214,1,14000000.0
11809218820,33214,1,8600000.0
11802212026,33214,1,14000000.0
11802212027,33214,1,22000000.0
11804214832,33214,1,16000000.0
11806216835,33214,1,22000000.0
11809219232,33214,1,30000000.0
11810219621,33214,1,14000000.0
11903222623,33214,1,5000000.0
11903222623,34272,1,110000000.0
11901221028,34127,1,500000000.0
11903223435,34272,1,50000000.0
11904223832,34272,1,400000000.0
11904227032,34272,1,1000000000.0
11904227432,33190,1,191000000.0
11904227432,34272,1,150000000.0
11907229032,33190,1,101200000.0
11909229835,34170,5,1200000.0
11904226632,34272,1,70000000.0
11903223424,33145,1,1900000000.0
11904226626,34272,1,600000000.0
11903222629,34272,1,50000000.0
11903222632,34272,1,100000000.0
11910230221,33190,1,435300000.0
11910230235,34127,1,22500000.0
11907229028,34272,1,500000000.0
11904225422,34272,1,450000000.0
11904226232,34272, ,
11904226225,34272,1,40000000.0
11904225832,34272,1,20000000.0
11904227435,33270,1,405000000.0
11904227435,34272,1,400000000.0
11904227426,33270,1,401500000.0
11904227426,34272,1,200000000.0
11904226624,33214,1,22000000.0
11904226624,34272,1,10000000.0
11907227823,33190,1,250000000.0
12102241132,33134,1,6000000000.0
12102241132,33145,1,4000000000.0
12102241132,33156,1,60000000.0
12102241529,33214,1,55000000.0
12109249432,34239,1,2700000.0
12109249435,33190,1,260000000.0
12109249821,34239,1,2000000.0
12109249829,33190,1,1500000000.0
12109249832,33214,1,35000000.0
12101240732,33214,1,500000000.0
12108249029,33214,1,700000000.0
12103242335,33112,1,6000000000.0
12103241920,33190,1,520000000.0
12102241122,33190,1,650000000.0
12202250532,33134,1,8000000000.0
12202250532,33145,1,7000000000.0
12202252521,33145,1,1296000000.0
12202252521,33134,1,10080000000.0
12202252526,33134,1,10176000000.0
12202252526,33145,1,10176000000.0
12202250935,33134,1,18000000000.0
12202250935,33145,1,18000000000.0
12202252124,33134,1,7200000000.0
12202252124,33145,1,8000000000.0
12202252124,33214,1,200000000.0
12202252122,33134,1,8400000000.0
12202252122,33145,1,9800000000.0
12204257732,33214,1,15000000.0
12202251729,33134,1,6000000000.0
12202251729,33145,1,9010000000.0
12202251724,33134,1,10000000000.0
12202251724,33145,1,1870000000.0
12202252520,33134,1,10080000000.0
12202252520,33145,1,12960000000.0
12202254120,33134,1,7000000000.0
12202254120,33145,1,5000000000.0
12202251320,33134,1,8000000000.0
12202251320,33145,1,1200000000.0
12202251326,33214,1,11000000.0
12202253320,33134,1,3000000000.0
12202253320,33145,1,3000000000.0
12202253332,33134,1,3500000000.0
12202253332,33145,1,3500000000.0
12202253325,33134,1,1500000000.0
12202253325,33145,1,1500000000.0
12202253326,33134,1,1000000000.0
12202253326,33145,1,1000000000.0
12202254126,33134,1,6000000000.0
12202254126,33145,1,5000000000.0
12202254135,33134,1,5000000000.0
12202254135,33145,1,4000000000.0
12203255735,33214,1,18000000.0
12202251335,33134,1,1040000000.0
12202251335,33145,1,1200000000.0
12202252923,33134,1,8000000000.0
12202252923,33145,1,9000000000.0
12202251735,33134,1,1725000000.0
12202251735,33145,1,1836000000.0
12202250529,33134,1,8000000000.0
12202250529,33145,1,10000000000.0
12202254121,33134,1,6000000000.0
12202254121,33145,1,5000000000.0
12210263732,33214,1,65000000.0
12202254132,33134,1,5000000000.0
12202254132,33145,1,5250000000.0
12202253732,33134,1,3000000000.0
12202253732,33145,1,3000000000.0
12202253722,33134,1,6000000000.0
12202253722,33145,1,6000000000.0
12202253722,33214,1,600000000.0
12202253730,33134,1,5000000000.0
12202253730,33145,1,5000000000.0
12212264935,33112,1,180000000.0
12204256923,33112,1,1000000000.0
12204256923,33145,,
12210263324,33134,1,5400000000.0
12202252532,33134,1,1352000000.0
12202252532,33145,1,1352000000.0
12202252535,33134,1,1352000000.0
12202252535,33145,1,1352000000.0
12202253735,33134,1,8000000000.0
12202253735,33145,1,8000000000.0
12202252926,33134,1,8000000000.0
12202252926,33145,1,9000000000.0
12202253720,33134,1,8000000000.0
12202253720,33145,1,8000000000.0
12202250927,33134,1,18000000000.0
12202250927,33145,1,18000000000.0
12202250929,33134,1,1950000000.0
12202250929,33145,1,2250000000.0
12202250932,33134,1,9000000000.0
12202250932,33145,1,12000000000.0
12202252527,33134,1,1440000000.0
12202252527,33145,1,1440000000.0
12204256535,33214,1,150000000.0
12301272723,33214,1,30000000.0
12301279523,33214,1,100000000.0
12301279924,33214,1,65000000.0
12301281132,33214,1,300000000.0
12301281529,33214,1,100000000.0
12310288732,33134,1,9720000000.0
12310288732,33156,1,70000000.0
12310288732,33214,1,200000000.0
12310288732,33225,1,3000000.0
12310288732,33258,1,120000000.0
12301273535,33214,1,38000000.0
12301273532,33214,1,90000000.0
12408302722,33269,1,31200000.0
12407302324,33214,1,130000000.0
12501311122,33214,1,39000000.0
12501304928,33236,1,8000000.0
12501315235,34272,1,10000000.0
12501315232,34272,1,1000000000.0
12501313426,33112,1,500000000.0
12501313435,33214,1,18000000.0
12501309535,34272,,
12501317029,33214,1,25000000.0
12501307732,33214,1,75000000.0
12501315830,33270,1,36000000.0
12501316425,33270,1,40800000.0
12501316426,33270,1,33600000.0
12501316435,33270,1,33600000.0
12501312829,34272,1,100000000.0
12501315222,34272,1,3000000000.0
12501316423,33270,1,42000000.0
12601317627,33190,1,100000000.0
12601317627,34272,1,400000000.0
12605324219,33134,1,5000000000.0
12605324219,33156,1,25000000.0
12605324219,33178,1,5000000.0
12605324219,33214,1,50000000.0
12713343623,33112,1,1500000000.0
12713344032,33190,1,200000000.0
12705332019,33134,1,1800000000.0
12705332019,33145,1,2000000000.0
12705332019,33156,1,30000000.0
12705332019,33178,1,10000000.0
12706335620,33190,1,120000000.0
12706336426,33190,1,170000000.0
12710340832,33190,1,800000000.0
12702328029,33112,1,35000000.0
12702328032,33214,1,28000000.0
12712343227,33214,1,5000000.0
12708339223,33214,1,12000000.0
12714344832,33462,1,25000000.0
12701327232,33190,1,950000000.0
12706336832,33190,1,100000000.0
12705334832,33145,1,1350000000.0
12711342832,33190,1,115000000.0
12702327632,33214,1,9000000.0
12707337629,33190,1,100000000.0
12801346820,33112,1,300000000.0
12801346832,33178,1,47000000.0
12801346832,33190,1,200000000.0
12801346832,33214,1,200000000.0
12804353620,33112,1,3500000000.0
12901359724,33214,1,23000000.0
12904362135,33190,1,100000000.0
12910366532,33190,1,420000000.0
12904361332,33190,1,400000000.0
12904361329,33190,1,200000000.0
12907364132,33214,1,25000000.0
12908365320,33214,1,55000000.0
12909366126,33190,1,200000000.0
12901359335,33214,1,200000000.0
12906363732,33349,1,500000000.0
12906363735,33145,1,300000000.0
12901359735,33112,1,450000000.0
12910366528,33134,1,4400000000.0
12910366528,33167,1,30000000.0
13001376920,34272,1,45000000.0
13001378429,33214,1,220000000.0
13001379221,33190,1,100000000.0
13001379221,33214,1,100000000.0
13003382028,33269,1,1000000000.0
13001374726,33190,1,300000000.0
13001380035,34239,1,1500000.0
13001374027,33214,1,27000000.0
13001376126,33269,1,32000000.0
13001378435,34272,1,80000000.0
10009008230,33214,1,140000000.0
10002002922,33214,1,32000000.0
10006006932,33258,1,10000000.0
10001001629,33190,1,700000000.0
10001000332,33214,1,2000000.0
10001000335,33190,1,50000000.0
10001000335,34148,1,40000000.0
10007007332,34192,1,1250000000.0
10007007332,34239,1,10000000.0
10003003332,33190,1,500000000.0
10010009022,34228,1,150000000.0
10003003329,33190,1,20000000.0
10003003329,33270,1,10000000.0
10012010235,34228,1,5000000.0
10004003932,33190,1,100000000.0
10013010726,33247,1,4400000.0
10001000329,33214,1,110000000.0
10103013329,33190,1,50000000.0
10106018532,33214,1,50000000.0
10102012120,33190,1,35000000.0
10102012120,33236,1,10000000.0
10102012123,33190,1,250000000.0
10115025323,33190,1,150000000.0
10115025320,33214,1,180000000.0
10110021723,33214,1,15000000.0
10105016920,33190,1,120000000.0
10107019332,33214,1,40000000.0
10105014927,33190,1,35000000.0
10116025722,33190,1,35000000.0
10107019730,33190,1,350000000.0
10116025725,33214,1,45000000.0
10112023723,33214,1,30000000.0
10103013732,33190,1,100000000.0
10101010935,33134,1,3200000000.0
10101010935,33145,1,1100000000.0
10101010935,33156,1,30000000.0
10101010935,33167,1,60000000.0
10113024132,33190,1,85000000.0
10202027135,33190,1,600000000.0
10201026732,33247,1,9000000.0
10215031929,34272,,
10303040430,33214,1,260000000.0
10315047935,33214,1,17000000.0
10302036130,33190,1,600000000.0
10302036130,33258,8,8000000.0
10302036120,33236,1,40000000.0
10302036120,33258,1,50000000.0
10302036132,34272,,
10307043627,34127,1,10000000.0
10315047921,33190,1,300000000.0
10303038130,33112,1,5000000000.0
10303038130,33156,1,30000000.0
10303038130,33178,1,10000000.0
10303038130,33190,1,1000000000.0
10303041020,33190,1,400000000.0
10305042629,33190,1,500000000.0
10320046435,33190,1,260000000.0
10306043122,33190,1,40000000.0
10323047435,34272,,
10323047427,33190,1,50000000.0
10312044929,33190,1,800000000.0
10312044929,33214,1,1200000000.0
10311044519,33214,1,400000000.0
10411056220,34127,1,40000000.0
10502062735,33190,1,200000000.0
10502062735,33214,1,50000000.0
10502062732,33190,1,200000000.0
10505064630,33190,1,120000000.0
10514069523,34272,,
10514069520,33190,1,100000000.0
10514069532,34272,,
10509066732,34272,,
10503063125,33190,1,270000000.0
10503063119,34160,,
10509066735,34272,,
10507065930,34272,,
10502059532,33214,1,100000000.0
10501058623,34272,,
10505064220,34272,,
10502062325,34272,,
10501059120,34272,,
10513069129,33214,1,50000000.0
10501059123,33190,1,450000000.0
10607077427,33214,1,240000000.0
10612079721,33190,1,50000000.0
10702082932,34272,1,5000000.0
10702082932,34272,8,5000000.0
10702082935,34272,1,10000000.0
10702082935,34272,8,10000000.0
10702082920,34272,1,5000000.0
10702082920,34272,8,5000000.0
10702082927,34272,1,10000000.0
10702082927,34272,8,10000000.0
10707086627,34272,1,10000000.0
10707086627,34272,8,10000000.0
10707086632,34272,1,5000000.0
10707086632,34272,8,5000000.0
10707085319,34272,1,5000000.0
10707085319,34272,8,5000000.0
10707085328,34272,1,10000000.0
10707085328,34272,8,10000000.0
10707085335,34272,1,10000000.0
10707085335,34272,8,10000000.0
10705084132,33269,1,81500000.0
10705084132,34272,1,5000000.0
10705084132,34272,8,5000000.0
10707085332,34272,1,5000000.0
10707085332,34272,8,5000000.0
10705084135,34272,1,12500000.0
10705084135,34272,8,12500000.0
10706084535,34272,1,10000000.0
10706084535,34272,8,10000000.0
10706084532,34272,1,15000000.0
10706084532,34272,8,15000000.0
10704083735,34272,1,7500000.0
10704083735,34272,8,7500000.0
10703083319,34272,1,5000000.0
10703083319,34272,8,5000000.0
10703083332,34272,1,12500000.0
10703083332,34272,8,12500000.0
10705084129,34272,1,7500000.0
10705084129,34272,8,7500000.0
10705084130,34272,1,5000000.0
10705084130,34272,8,5000000.0
10703083335,34272,1,10000000.0
10703083335,34272,8,10000000.0
10703083322,33214,1,3000000.0
10703083322,34272,1,5000000.0
10703083322,34272,8,5000000.0
10703083329,34272,1,2500000.0
10703083329,34272,8,2500000.0
10705084120,34272,1,10000000.0
10705084120,34272,8,10000000.0
10705084123,34272,1,2500000.0
10705084123,34272,8,2500000.0
10714092935,34272,1,10000000.0
10714092935,34272,8,10000000.0
10714092926,34272,1,10000000.0
10714092926,34272,8,10000000.0
10714092932,34272,1,20000000.0
10714092932,34272,8,20000000.0
10714092920,34272,1,10000000.0
10714092920,34272,8,10000000.0
10714092923,34272,1,10000000.0
10714092923,34272,8,10000000.0
10707089920,34272,1,15000000.0
10707089920,34272,8,15000000.0
10707087022,34272,1,15000000.0
10707087022,34272,8,15000000.0
10707086124,34272,1,25000000.0
10707086124,34272,8,25000000.0
10707089932,34272,1,10000000.0
10707089932,34272,8,10000000.0
10727095424,34272,1,5000000.0
10727095424,34272,8,5000000.0
10727095426,34272,1,20000000.0
10727095426,34272,8,20000000.0
10711091720,34272,1,15000000.0
10711091720,34272,8,15000000.0
10711091723,34272,1,15000000.0
10711091723,34272,8,15000000.0
10711091729,34272,1,5000000.0
10711091729,34272,8,5000000.0
10707087028,34272,1,15000000.0
10707087028,34272,8,15000000.0
10707087032,34272,1,10000000.0
10707087032,34272,8,10000000.0
10727095423,34272,1,5000000.0
10727095423,34272,8,5000000.0
10707085720,34272,1,10000000.0
10707085720,34272,8,10000000.0
10707085723,34272,1,5000000.0
10707085723,34272,8,5000000.0
10707085729,34272,1,20000000.0
10707085729,34272,8,20000000.0
10707085732,34272,1,15000000.0
10707085732,34272,8,15000000.0
10707089420,34272,1,15000000.0
10707089420,34272,8,15000000.0
10707089423,34272,1,15000000.0
10707089423,34272,8,15000000.0
10707089426,34272,1,20000000.0
10707089426,34272,8,20000000.0
10707089429,34272,1,15000000.0
10707089429,34272,8,15000000.0
10708090432,34272,1,15000000.0
10708090432,34272,8,15000000.0
10702082923,34272,1,15000000.0
10702082923,34272,8,15000000.0
10707088526,34272,1,15000000.0
10707088526,34272,8,15000000.0
10707088530,34272,1,20000000.0
10707088530,34272,8,20000000.0
10707088535,33190,1,420000000.0
10707088535,34272,1,30000000.0
10707088535,34272,8,30000000.0
10720094420,34272,1,5000000.0
10720094420,34272,8,5000000.0
10720094422,34272,1,10000000.0
10720094422,34272,8,10000000.0
10720094426,34272,1,10000000.0
10720094426,34272,8,10000000.0
10720094429,34272,1,20000000.0
10720094429,34272,8,20000000.0
10720094432,34272,1,20000000.0
10720094432,34272,8,20000000.0
10720094435,33190,1,600000000.0
10707088920,34272,1,15000000.0
10707088920,34272,8,15000000.0
10707088924,33190,1,75000000.0
10707088924,34272,1,10000000.0
10707088924,34272,8,10000000.0
10707088926,34272,1,25000000.0
10707088926,34272,8,25000000.0
10707088929,34272,1,10000000.0
10707088929,34272,8,10000000.0
10727095432,34272,1,15000000.0
10727095432,34272,8,15000000.0
10727095435,34272,1,10000000.0
10727095435,34272,8,10000000.0
10717095023,34272,1,10000000.0
10717095023,34272,8,10000000.0
10717095026,34272,1,10000000.0
10717095026,34272,8,10000000.0
10717095029,34272,1,10000000.0
10717095029,34272,8,10000000.0
10717095020,34272,1,10000000.0
10717095020,34272,8,10000000.0
10729095820,34272,1,20000000.0
10729095820,34272,8,20000000.0
10712092120,34272,1,5000000.0
10712092120,34272,8,5000000.0
10712092122,34272,1,10000000.0
10712092122,34272,8,10000000.0
10712092129,34272,1,15000000.0
10712092129,34272,8,15000000.0
10712092132,34272,1,10000000.0
10712092132,34272,8,10000000.0
10707087520,34272,1,5000000.0
10707087520,34272,8,5000000.0
10717095032,34272,1,10000000.0
10717095032,34272,8,10000000.0
10717095035,34272,1,10000000.0
10717095035,34272,8,10000000.0
10712092135,34272,1,15000000.0
10712092135,34272,8,15000000.0
10707088023,34272,1,20000000.0
10707088023,34272,8,20000000.0
10707088024,34272,1,10000000.0
10707088024,34272,8,10000000.0
10707088032,34272,1,10000000.0
10707088032,34272,8,10000000.0
10707088035,34272,1,5000000.0
10707088035,34272,8,5000000.0
10707087532,34272,1,20000000.0
10707087532,34272,8,20000000.0
10707087535,34272,1,5000000.0
10707087535,34272,8,5000000.0
10710091224,34272,1,10000000.0
10710091224,34272,8,10000000.0
10710091229,34272,1,25000000.0
10710091229,34272,8,25000000.0
10716093425,34272,1,5000000.0
10716093425,34272,8,5000000.0
10707087529,34272,1,10000000.0
10707087529,34272,8,10000000.0
10716093420,34272,1,10000000.0
10716093420,34272,8,10000000.0
10716093426,34272,1,15000000.0
10716093426,34272,8,15000000.0
10701093823,34272,1,10000000.0
10701093823,34272,8,10000000.0
10701093824,34272,1,15000000.0
10701093824,34272,8,15000000.0
10701093826,34272,1,10000000.0
10701093826,34272,8,10000000.0
10701093829,34272,1,15000000.0
10701093829,34272,8,15000000.0
10729095828,34272,1,10000000.0
10729095828,34272,8,10000000.0
10701093832,33190,1,250000000.0
10701093832,34272,1,20000000.0
10701093832,34272,8,20000000.0
10716093435,34272,1,15000000.0
10716093435,34272,8,15000000.0
10716093432,34272,1,10000000.0
10716093432,34272,8,10000000.0
10707084920,34272,1,20000000.0
10707084920,34272,8,20000000.0
10709090822,34272,1,10000000.0
10709090822,34272,8,10000000.0
10709090826,34272,1,15000000.0
10709090826,34272,8,15000000.0
10709090835,34272,1,10000000.0
10709090835,34272,8,10000000.0
10709090832,34272,1,15000000.0
10709090832,34272,8,15000000.0
10709090820,34272,1,10000000.0
10709090820,34272,8,10000000.0
10729095835,34272,1,15000000.0
10729095835,34272,8,15000000.0
10706084521,34272,1,10000000.0
10706084521,34272,8,10000000.0
10706084525,34272,1,10000000.0
10706084525,34272,8,10000000.0
10707086132,34272,1,15000000.0
10707086132,34272,8,15000000.0
10707086129,33214,1,10000000.0
10707086129,34272,1,15000000.0
10707086129,34272,8,15000000.0
10707086126,33214,1,50000000.0
10707086126,34272,1,25000000.0
10707086126,34272,8,25000000.0
10707086123,34272,1,15000000.0
10707086123,34272,8,15000000.0
10729095829,34272,1,10000000.0
10729095829,34272,8,10000000.0
10706084526,34272,1,10000000.0
10706084526,34272,8,10000000.0
10701093835,34272,1,10000000.0
10701093835,34272,8,10000000.0
10707086135,34272,1,15000000.0
10707086135,34272,8,15000000.0
10707088029,34272,1,10000000.0
10707088029,34272,8,10000000.0
10708090427,34272,1,10000000.0
10708090427,34272,8,10000000.0
10729095832,34272,1,15000000.0
10729095832,34272,8,15000000.0
10707084935,34272,1,25000000.0
10707084935,34272,8,25000000.0
10708090428,34272,1,15000000.0
10708090428,34272,8,15000000.0
10708090435,34272,1,25000000.0
10708090435,34272,8,25000000.0
10729095823,34272,1,10000000.0
10729095823,34272,8,10000000.0
10905107224,33112,1,250000000.0
10922118423,33236,1,5000000.0
10923118829,33190,1,80000000.0
10935119626,33190,1,200000000.0
10919118020,33190,1,180000000.0
10906107629,33214,1,70000000.0
10906107635,33134,1,3600000000.0
10906107635,33178,1,30000000.0
10905107226,33190,1,50000000.0
10905107226,33236,1,20000000.0
11002127032,34283, ,
11017132435,33214,1,40000000.0
11002123523,33440,1,5800000.0
11002123527,33214,1,400000000.0
11002126135,33214,1,60000000.0
11002126629,33190,1,1200000000.0
11010129929,33190,1,1200000000.0
11014132035,33190,1,60000000.0
11019133422,33214,1,497000000.0
11023134429,33236,1,120000000.0
11023134432,33190,1,300000000.0
11002125029,33462,1,20000000000.0
11105139935,33214,1,23000000.0
11105141520,33258,1,100000000.0
11117147922,33112,1,2800000000.0
11208157232,33214,1,100000000.0
11202150029,33190,1,60000000.0
11204152832,33236,1,55000000.0
11208157220,33214,1,160000000.0
11204152426,33214,,
11204152026,33214,1,20000000.0
11302160926,34272,1,10000000.0
11304163323,34272,1,30000000.0
11302160922,33134,1,1850000000.0
11302160922,33145,1,3750000000.0
11302160922,33156,1,3500000.0
11302160922,33178,1,8000000.0
11302160922,33179,1,10000000.0
11306168921,33214,1,277000000.0
11306168921,34272,,
11303162123,33190,1,120000000.0
11303162524,33214,1,14000000.0
11304163723,33145,,
11304163723,33167,1,5000000.0
11305167332,34272,,
11304163728,33190,1,2000000000.0
11304163728,33214,1,140000000.0
11302161330,33190,1,100000000.0
11302161323,33190,1,100000000.0
11302159735,33190,1,300000000.0
11302159735,33236,1,7500000.0
11306168527,34272,,
11405180332,34239,1,2500000.0
11405180323,33190,1,10000000.0
11401173526,33112,1,300000000.0
11402175926,33236,1,6000000.0
11402175926,34161,1,3500000.0
11402175926,34228,1,4500000.0
11402175926,34239,1,2500000.0
11401173529,34239,1,2000000.0
11404179523,33269,1,60000000.0
11404178735,33214,1,31000000.0
11407181132,33190,1,130000000.0
11407181123,33190,1,25000000.0
11403177529,34272,1,540000000.0
11402175532,33190,1,150000000.0
11402175532,33214,1,15000000.0
11404178732,33190,1,500000000.0
11404179935,34283,,
11402175923,33236,1,6000000.0
11402175135,33190,1,20000000.0
11402175135,34272,1,600000000.0
11404179132,33190,1,40000000.0
11404179132,33269,1,50000000.0
11404179926,33190,1,200000000.0
11407181135,33190,1,120000000.0
11401172326,33214,1,55000000.0
11401172335,33189,1,85000000.0
11401172335,33190,1,120000000.0
11402175120,34239,1,3500000.0
11408182732,33236,1,47000000.0
11408182732,33247,1,28600000.0
11408182732,33258,1,60000000.0
11408182732,33316,1,1300000000.0
11503186425,33214,1,15000000.0
11507190435,33214,1,25000000.0
11507190430,33214,1,40000000.0
11502185420,33214,1,30000000.0
11508191220,33418,1,17000000.0
11601192626,33190,1,50000000.0
11603195532,33258,1,50000000.0
11603195526,33258,1,53000000.0
11603195519,33258,1,40000000.0
11603195523,33258,1,65000000.0
11608200335,33214,1,25000000.0
11701201735,34272,,
11701202129,33269,1,43000000.0
11701200929,34272,,
11701200935,33269,1,62000000.0
11701200935,34272,,
11701201335,33112,1,9500000000.0
11701202520,33269,1,240000000.0
11701202132,33269,1,70000000.0
11702204523,33112,1,320000000.0
11703205726,33214,1,14800000.0
11704206923,33269,1,120000000.0
11704206932,33269,1,116000000.0
11704206935,33190,1,60000000.0
11706208535,33214,1,8500000.0
11708209726,34272,,
11803212523,33112,1,200000000.0
11806216532,33214,1,5000000.0
11804214521,33214,1,20000000.0
11810219726,33214,1,23000000.0
11801210527,33112,1,200000000.0
11803212526,33112,1,150000000.0
11806216521,33214,1,23000000.0
11803213328,33214,1,28000000.0
11806216129,33190,1,5000000.0
11904227525,34148,,
11904227535,33190,1,42000000.0
11904224732,33270,1,400000000.0
11904225526,33270,1,400000000.0
11904225526,34272,1,3000000.0
11904225535,33270,1,400000000.0
11901220723,33190,1,900000000.0
11903222735,34127,1,300000000.0
11904226725,33270,1,400000000.0
11904226725,34161,1,11000000.0
11901221935,33236,1,9000000.0
11901221129,33236,1,5300000.0
11908229120,33247,1,19000000.0
11908229121,33247,1,20000000.0
11904223935,33190,1,400000000.0
11904225932,34272,1,20000000.0
11904225527,34272,1,200000000.0
12102241235,33190,1,2000000000.0
12102241223,33190,1,1000000000.0
12102241620,33349,1,6000000000.0
12103242032,33190,1,500000000.0
12105244532,33134,1,4000000000.0
12108248735,33214,1,38000000.0
12107247923,33214,1,14000000.0
12105244923,33190,1,60000000.0
12204256623,33145,1,670000000.0
12212265023,33112,1,840000000.0
12204256635,33145,,
12212265026,33123,1,64000000.0
12212265026,33145,1,1700000000.0
12207260629,33112,1,1400000000.0
12204257035,33145,1,2100000000.0
12207260226,33112,1,840000000.0
12204257019,33214,1,70000000.0
12301278435,33214,1,103000000.0
12301281632,33214,1,30000000.0
12301282023,33214,1,40000000.0
12319292424,33167,1,6000000.0
12319292435,33214,1,169000000.0
12407302423,33214,1,180000000.0
12403298032,33269,1,140000000.0
12408302826,33269,1,450000000.0
12410303625,33190,1,100000000.0
12403298035,33190,1,167000000.0
12403298432,33269,1,70000000.0
12401294420,33269,1,70000000.0
12410303623,33190,1,100000000.0
12501305535,33190,8,500000000.0
12501304523,34272,1,5000000.0
12501306120,33112,1,1700000000.0
12501314723,33112,1,350000000.0
12501307835,33112,1,900000000.0
12501306729,34272,1,90000000.0
12501311320,33190,1,30000000.0
12501309635,33190,1,230000000.0
12501311328,33190,1,200000000.0
12501317123,34272,1,10000000.0
12501313635,33190,1,500000000.0
12501316530,33270,1,36000000.0
12501316535,33270,1,40800000.0
12501316022,33270,1,40800000.0
12501316522,33214,1,92800000.0
12501316522,33270,1,23000000.0
12501316029,33270,1,40800000.0
12501316021,33270,1,40800000.0
12501308435,33112,1,200000000.0
12501309620,33214,1,35000000.0
12501312429,34272,1,50000000.0
12501316525,33270,1,40130000.0
12605324324,33190,1,600000000.0
12605325423,33190,1,80000000.0
12713343732,34272,,
12708338929,33190,1,1500000000.0
12711342921,33214,1,28000000.0
12708339320,33190,1,320000000.0
12705334535,33134,1,3000000000.0
12705334535,33145,1,3000000000.0
12705334535,33156,1,30000000.0
12705334535,33190,1,500000000.0
12705334527,33134,1,1000000000.0
12705334527,33145,1,1000000000.0
12705334527,33156,1,50000000.0
12705334527,33167,1,25000000.0
12705334527,33190,1,3000000000.0
12708338526,34159,1,8000000000.0
12708338532,33112,1,2000000000.0
12714344935,33462,1,800000000.0
12701326935,33214,1,15000000.0
12708338923,33190,1,80000000.0
12701326920,33258,1,105000000.0
12702328135,33190,1,14000000.0
12702328135,33214,1,23000000.0
12702328132,33214,1,28000000.0
12709339729,33112,1,250000000.0
12709339729,33214,1,15000000.0
12709339729,33236,1,20000000.0
12709339729,33247,1,18000000.0
12709339729,33258,1,24000000.0
12701327320,33214,1,13500000.0
12701327332,33190,1,200000000.0
12801346519,33112,1,2000000000.0
12801346519,33123,1,70000000.0
12908365832,33190,1,350000000.0
12909366232,33190,1,50000000.0
12904361422,33190,1,1000000000.0
12904362232,34148,1,25000000.0
12909366223,34148,1,25000000.0
12910366629,34148,1,100000000.0
12901359824,33190,1,40000000.0
12907365032,33214,1,160000000.0
13001370632,33134,1,4300000000.0
13002380926,33214,1,200000000.0
13001370635,33134,1,36500000000.0
13001370635,33156,1,200000000.0
13001378630,34170,1,1500000.0
13001378629,34170,1,15000000.0
13001380219,34272,1,50000000.0
10001002235,33214,1,23000000.0
10009008319,33236,1,10000000.0
10009008332,34148,,
10001000435,33214,1,300000000.0
10005004835,33190,1,550000000.0
10012010319,33214,1,19000000.0
10011009935,33134,1,2000000000.0
10011009927,33214,1,30000000.0
10001000921,33214,1,30000000.0
10006007019,33236,1,1800000.0
10001002232,33214,1,90000000.0
10007007935,34239,1,3500000.0
10011009527,34148,,
10006006127,33190,1,40000000.0
10006006127,33214,1,42000000.0
10006006127,33270,1,9000000.0
10004004019,33270,1,5000000.0
10003003520,33236,1,2500000.0
10007007929,33190,1,150000000.0
10005004829,33134,1,5000000000.0
10005004829,33214,1,14940000.0
10005004829,33236,1,700000000.0
10005004829,33270,1,500000000.0
10109020629,33190,1,45000000.0
10109020632,33190,1,180000000.0
10105015824,33190,1,250000000.0
10105015824,33214,1,150000000.0
10112023822,33214,1,220000000.0
10110021429,33190,1,20000000.0
10102011819,33190,1,120000000.0
10102011819,33214,1,25000000.0
10102012220,33190,1,125000000.0
10104014226,33214,1,49000000.0
10105015832,33190,1,65000000.0
10105016626,33190,1,35000000.0
10115025429,33190,1,450000000.0
10115025429,33214,1,118000000.0
10105017420,33145,,
10105017420,33156,1,30000000.0
10105017420,33167,1,37000000.0
10116025825,34228,1,450000000.0
10103013032,33190,1,40000000.0
10103013021,33190,1,150000000.0
10110022232,33190,1,150000000.0
10218032835,33420,1,27000000.0
10225035232,33112,1,3000000000.0
10225035232,34170,1,25000000.0
10215032030,33214,1,50000000.0
10312044626,33190,1,40000000.0
10303039632,33134,1,3350000000.0
10303039623,33214,1,220000000.0
10310044122,33134,1,5400000000.0
10303036726,33190,1,350000000.0
10302035827,33214,1,20000000.0
10302035835,33258,1,11000000.0
10303037132,33190,1,500000000.0
10303037132,33214,1,270000000.0
10303040532,33258,1,1750000.0
10315048024,33190,1,320000000.0
10315048030,33190,1,700000000.0
10319046019,33190,1,120000000.0
10416057935,33190,1,300000000.0
10406052721,33190,1,650000000.0
10512068720,34272,,
10502062432,34272,,
10504063421,33214,1,15000000.0
10510067623,33214,1,17000000.0
10506064828,34272,,
10505064735,34272,,
10501058922,34272,,
10506064829,33112,1,4000000000.0
10504064029,33190,1,40000000.0
10504064029,34272,,
10506065235,34272,,
10512068628,33190,1,120000000.0
10505064720,33190,1,60000000.0
10505064725,33190,1,60000000.0
10501059230,34272,,
10501058930,34272,,
10509067235,34272,,
10506064832,34272,,
10501058726,34272,,
10504063935,33190,1,250000000.0
10503062832,33190,1,1120000000.0
10506065232,33190,1,350000000.0
10506065232,33214,1,180000000.0
10514069632,33190,1,15000000.0
10504063532,33190,1,350000000.0
10504063532,34272,,
10512068624,33190,1,700000000.0
10512068622,33190,1,700000000.0
10512068625,33190,1,1800000000.0
10512068635,34272,,
10509066832,33214,1,25000000.0
10513069226,33214,1,38200000.0
10620081332,33190,1,30000000.0
10627082735,33214,1,400000000.0
10603072925,33214,1,220000000.0
10603074622,33214,1,170000000.0
10606076626,33190,1,800000000.0
10702083022,34272,1,5000000.0
10702083022,34272,8,5000000.0
10709090923,34272,1,20000000.0
10709090923,34272,8,20000000.0
10704083820,34272,1,15000000.0
10704083820,34272,8,15000000.0
10704083823,34272,1,10000000.0
10704083823,34272,8,10000000.0
10707085026,34272,1,10000000.0
10707085026,34272,8,10000000.0
10707085035,34272,1,10000000.0
10707085035,34272,8,10000000.0
10703083430,34272,1,5000000.0
10703083430,34272,8,5000000.0
10703083435,34272,1,5000000.0
10703083435,34272,8,5000000.0
10707084635,34272,1,10000000.0
10707084635,34272,8,10000000.0
10703083425,34272,1,10000000.0
10703083425,34272,8,10000000.0
10707084620,34272,1,15000000.0
10707084620,34272,8,15000000.0
10707084626,34272,1,5000000.0
10707084626,34272,8,5000000.0
10707090035,34272,1,20000000.0
10707090035,34272,8,20000000.0
10718093921,34272,1,10000000.0
10718093921,34272,8,10000000.0
10707087629,34272,1,15000000.0
10707087629,34272,8,15000000.0
10710091326,34272,1,10000000.0
10710091326,34272,8,10000000.0
10710091329,34272,1,20000000.0
10710091329,34272,8,20000000.0
10707086323,34272,1,10000000.0
10707086323,34272,8,10000000.0
10707086329,34272,1,20000000.0
10707086329,34272,8,20000000.0
10707088632,33190,1,800000000.0
10703083424,34272,1,20000000.0
10703083424,34272,8,20000000.0
10702083026,34272,1,10000000.0
10702083026,34272,8,10000000.0
10703083420,34272,1,10000000.0
10703083420,34272,8,10000000.0
10703083432,33112,1,500000000.0
10703083432,33123,1,80000000.0
10703083432,34272,1,25000000.0
10703083432,34272,8,25000000.0
10707086720,34272,1,10000000.0
10707086720,34272,8,10000000.0
10707088124,34272,1,15000000.0
10707088124,34272,8,15000000.0
10705084222,33190,1,980000000.0
10705084222,34272,1,10000000.0
10705084222,34272,8,10000000.0
10705084230,34272,1,15000000.0
10705084230,34272,8,15000000.0
10705084232,33190,1,2000000000.0
10705084232,33236,1,10000000.0
10705084232,34272,1,15000000.0
10705084232,34272,8,15000000.0
10705084235,34272,1,15000000.0
10705084235,34272,8,15000000.0
10707088125,34272,1,2500000.0
10707088125,34272,8,2500000.0
10707088129,34272,1,2500000.0
10707088129,34272,8,2500000.0
10707088135,34272,1,5000000.0
10707088135,34272,8,5000000.0
10707085421,34272,1,10000000.0
10707085421,34272,8,10000000.0
10707086719,34272,1,20000000.0
10707086719,34272,8,20000000.0
10707086735,34272,1,5000000.0
10707086735,34272,8,5000000.0
10707088120,34272,1,5000000.0
10707088120,34272,8,5000000.0
10707089520,33214,1,50000000.0
10707089520,34272,1,25000000.0
10707089520,34272,8,25000000.0
10707089526,33190,1,1500000000.0
10707089526,33214,1,1000000000.0
10707089526,33236,1,200000000.0
10707089526,34272,1,20000000.0
10707089526,34272,8,20000000.0
10707089532,34272,1,10000000.0
10707089532,34272,8,10000000.0
10707089535,34272,1,10000000.0
10707089535,34272,8,10000000.0
10707090020,34272,1,10000000.0
10707090020,34272,8,10000000.0
10718093932,34272,1,10000000.0
10718093932,34272,8,10000000.0
10718093935,34272,1,20000000.0
10718093935,34272,8,20000000.0
10720094520,34272,1,20000000.0
10720094520,34272,8,20000000.0
10723095120,34272,1,15000000.0
10723095120,34272,8,15000000.0
10707086726,34272,1,15000000.0
10707086726,34272,8,15000000.0
10723095125,34272,1,10000000.0
10723095125,34272,8,10000000.0
10723095132,34272,1,25000000.0
10723095132,34272,8,25000000.0
10723095135,34272,1,10000000.0
10723095135,34272,8,10000000.0
10723095123,34272,1,10000000.0
10723095123,34272,8,10000000.0
10727095525,34272,1,20000000.0
10727095525,34272,8,20000000.0
10727095535,34272,1,20000000.0
10727095535,34272,8,20000000.0
10727095523,34272,1,10000000.0
10727095523,34272,8,10000000.0
10727095532,34272,1,10000000.0
10727095532,34272,8,10000000.0
10707087123,33269,1,100000000.0
10707087123,34272,1,5000000.0
10707087123,34272,8,5000000.0
10707087135,34272,1,10000000.0
10707087135,34272,8,10000000.0
10707088626,34272,1,2500000.0
10707088626,34272,8,2500000.0
10707088635,34272,1,15000000.0
10707088635,34272,8,15000000.0
10707089024,34272,1,5000000.0
10707089024,34272,8,5000000.0
10707089029,34272,1,5000000.0
10707089029,34272,8,5000000.0
10707089032,34272,1,5000000.0
10707089032,34272,8,5000000.0
10707089523,33236,1,50000000.0
10707089523,34272,1,25000000.0
10707089523,34272,8,25000000.0
10708090522,34272,1,20000000.0
10708090522,34272,8,20000000.0
10708090527,34272,1,15000000.0
10708090527,34272,8,15000000.0
10708090530,34272,1,10000000.0
10708090530,34272,8,10000000.0
10708090532,34272,1,20000000.0
10708090532,34272,8,20000000.0
10704083829,33190,1,75000000.0
10704083829,34272,1,5000000.0
10704083829,34272,8,5000000.0
10704083832,34272,1,10000000.0
10704083832,34272,8,10000000.0
10707084623,34272,1,10000000.0
10707084623,34272,8,10000000.0
10707084632,33190,1,150000000.0
10707084632,33214,5,250000000.0
10707085819,34272,1,15000000.0
10707085819,34272,8,15000000.0
10707085822,34272,1,15000000.0
10707085822,34272,8,15000000.0
10707087120,34272,1,10000000.0
10707087120,34272,8,10000000.0
10716093532,34272,1,10000000.0
10716093532,34272,8,10000000.0
10707087622,34272,1,10000000.0
10707087622,34272,8,10000000.0
10707087626,34272,1,15000000.0
10707087626,34272,8,15000000.0
10723095128,34272,1,20000000.0
10723095128,34272,8,20000000.0
10727095526,34272,1,25000000.0
10727095526,34272,8,25000000.0
10729095919,34272,1,5000000.0
10729095919,34272,8,5000000.0
10729095920,34272,1,5000000.0
10729095920,34272,8,5000000.0
10729095925,34272,1,5000000.0
10729095925,34272,8,5000000.0
10729095935,34272,1,5000000.0
10729095935,34272,8,5000000.0
10729095926,34272,1,2500000.0
10729095926,34272,8,2500000.0
10709090920,34272,1,10000000.0
10709090920,34272,8,10000000.0
10709090926,34272,1,20000000.0
10709090926,34272,8,20000000.0
10710091332,34272,1,30000000.0
10710091332,34272,8,30000000.0
10711091823,34272,1,5000000.0
10711091823,34272,8,5000000.0
10711091829,34272,1,5000000.0
10711091829,34272,8,5000000.0
10711091832,34272,1,5000000.0
10711091832,34272,8,5000000.0
10712092223,34272,1,5000000.0
10712092223,34272,8,5000000.0
10712092226,34272,1,20000000.0
10712092226,34272,8,20000000.0
10712092232,34272,1,10000000.0
10712092232,34272,8,10000000.0
10713092620,34272,1,20000000.0
10713092620,34272,8,20000000.0
10709090929,34272,1,15000000.0
10709090929,34272,8,15000000.0
10709090935,34272,1,10000000.0
10709090935,34272,8,10000000.0
10712092229,34272,1,10000000.0
10712092229,34272,8,10000000.0
10707085435,34272,1,5000000.0
10707085435,34272,8,5000000.0
10712092220,34272,1,20000000.0
10712092220,34272,8,20000000.0
10705084220,33190,1,600000000.0
10705084229,34272,1,15000000.0
10705084229,34272,8,15000000.0
10707086335,34272,1,5000000.0
10707086335,34272,8,5000000.0
10707087623,34272,1,2500000.0
10707087623,34272,8,2500000.0
10707089529,34272,1,15000000.0
10707089529,34272,8,15000000.0
10707090025,34272,1,15000000.0
10707090025,34272,8,15000000.0
10707090026,34272,1,15000000.0
10707090026,34272,8,15000000.0
10707090032,34272,1,20000000.0
10707090032,34272,8,20000000.0
10708090520,34272,1,15000000.0
10708090520,34272,8,15000000.0
10710091335,34272,1,5000000.0
10710091335,34272,8,5000000.0
10713092623,33214,1,30000000.0
10713092626,34272,1,15000000.0
10713092626,34272,8,15000000.0
10713092632,34272,1,10000000.0
10713092632,34272,8,10000000.0
10714093027,33190,1,180000000.0
10716093535,34272,1,15000000.0
10716093535,34272,8,15000000.0
10720094535,34272,1,15000000.0
10720094535,34272,8,15000000.0
10707085032,34272,1,20000000.0
10707085032,34272,8,20000000.0
10714093023,34272,1,15000000.0
10714093023,34272,8,15000000.0
10714093032,34272,1,15000000.0
10714093032,34272,8,15000000.0
10714093035,34272,1,5000000.0
10714093035,34272,8,5000000.0
10716093523,34272,1,10000000.0
10716093523,34272,8,10000000.0
10716093525,34272,1,10000000.0
10716093525,34272,8,10000000.0
10716093529,34272,1,10000000.0
10716093529,34272,8,10000000.0
10716093520,34272,1,15000000.0
10716093520,34272,8,15000000.0
10718093923,34272,1,10000000.0
10718093923,34272,8,10000000.0
10718093925,34272,1,5000000.0
10718093925,34272,8,5000000.0
10718093926,34272,1,10000000.0
10718093926,34272,8,10000000.0
10704083835,33190,1,100000000.0
10704083835,34272,1,15000000.0
10704083835,34272,8,15000000.0
10919118129,33112,1,600000000.0
10919118129,34181,1,50000000.0
10919118132,33190,1,1350000000.0
10905106935,33190,1,300000000.0
10914109330,33214,1,200000000.0
10916110520,33134,1,8000000000.0
10916110520,33156,1,40000000.0
10916110520,33190,1,200000000.0
10932119328,33214,1,25000000.0
10916110130,33190,1,1200000000.0
10916112123,33214,1,13000000.0
10916110926,33190,1,400000000.0
10916110925,33214,1,400000000.0
10930118932,33112,1,2000000000.0
10930118935,33190,1,400000000.0
10906107319,33214,1,160000000.0
10922118532,33190,1,250000000.0
10917117319,33214,1,26000000.0
10922118529,33134,1,3700000000.0
11002126232,33145,,
11017132635,33190,1,1000000000.0
11002122120,33214,1,32000000.0
11002123632,33214,1,35000000.0
11003131626,33214,1,35000000.0
11007133523,33214,1,18000000.0
11007133532,33269,1,10000000.0
11105140826,33214,1,240000000.0
11105141226,33258,1,100000000.0
11105142432,33112,1,78000000.0
11105141623,33258,1,140000000.0
11105140426,33190,1,500000000.0
11105140426,33258,1,80000000.0
11105140420,33258,1,40000000.0
11105141235,33258,1,96000000.0
11201148935,33190,1,50000000.0
11207156526,33134,1,6850000000.0
11207156526,33167,1,30000000.0
11207156526,33190,1,3000000000.0
11207156519,33190,1,300000000.0
11204152535,33214,1,17000000.0
11201149335,33190,1,30000000.0
11202150523,33236,1,20000000.0
11202150526,33134,1,4000000000.0
11202150526,33156,1,20000000.0
11202150526,33178,1,10000000.0
11202150526,33179,1,25000000.0
11202150529,33214,1,50000000.0
11202150535,33214,1,30000000.0
11205154721,33134,1,5300000000.0
11205154721,33145,1,2700000000.0
11205154721,33156,1,8000000.0
11205154721,33167,1,8000000.0
11205154721,33269,1,200000000.0
11303163024,33112,1,300000000.0
11303163024,33145,1,2000000000.0
11306168221,33214,1,38000000.0
11304165835,33225,1,30000000.0
11303162225,33214,1,15500000.0
11303162232,34272,1,30000000.0
11307169824,33190,1,50000000.0
11302161032,33190,1,1000000000.0
11302161032,33214,1,450000000.0
11307169829,33225,1,2500000.0
11306168632,34272,,
11304163428,33190,1,100000000.0
11304163435,33190,1,1500000000.0
11304163435,33214,1,55000000.0
11407181620,33190,1,140000000.0
11407181620,33214,1,50000000.0
11406180835,33190,1,10000000.0
11406180835,33258,1,40000000.0
11401172832,33190,1,50000000.0
11402175220,33190,1,25000000.0
11404178826,33190,1,150000000.0
11401173635,34283,,
11403178026,33190,1,250000000.0
11403178026,33214,1,250000000.0
11403178026,34239,1,3000000.0
11406180829,33190,8,40000000.0
11406180829,33258,1,45000000.0
11401173629,33190,1,150000000.0
11401173629,33214,1,40000000.0
11403178032,33190,1,10000000.0
11404179621,33190,1,60000000.0
11406180832,33190,1,7000000.0
11406180832,33258,1,30000000.0
11404179629,34272,,
11404179632,33190,1,80000000.0
11407181623,33214,1,38000000.0
11401172432,33190,1,250000000.0
11401172432,33214,1,230000000.0
11405180423,33190,1,10000000.0
11407181626,33190,1,250000000.0
11407181626,33214,1,200000000.0
11402175235,33190,1,30000000.0
11402176435,33189,1,50000000.0
11402176432,33190,1,70000000.0
11401172420,33190,1,15000000.0
11403177229,34272,1,70000000.0
11409182832,34127,7,90000000.0
11401173232,33190,1,150000000.0
11402174426,33214,1,400000000.0
11404179220,33112,1,300000000.0
11404178820,33190,1,30000000.0
11402175620,33190,1,300000000.0
11402175620,33214,1,350000000.0
11402175620,34127,1,130000000.0
11402175620,34239,1,4000000.0
11402175620,34250,1,40000000.0
11402175620,34272,1,1000000000.0
11401172435,33134,1,8300000000.0
11401172435,33156,1,25000000.0
11401172435,33178,1,50000000.0
11401172435,33214,1,450000000.0
11401172435,34272,1,50000000.0
11403178029,34272,1,400000000.0
11403177220,34272,1,450000000.0
11403177220,34283,1,500000000.0
11406180826,33190,8,25000000.0
11406180826,33258,1,30000000.0
11406180820,33190,1,20000000.0
11406180820,33258,1,40000000.0
11506190129,33382,1,30000000.0
11506190129,33393,1,120000000.0
11511192135,33112,1,350000000.0
11601192726,33214,1,130000000.0
11608200032,33190,1,600000000.0
11605197624,33190,1,150000000.0
11708209832,34272,,
11707209027,33214,1,7000000.0
11702204623,34272,,
11708209426,33269,1,30000000.0
11701202220,34272,,
11703205426,33236,1,12000000.0
11704207035,33269,1,320000000.0
11704207020,33190,1,400000000.0
11704207020,33269,1,300000000.0
11703205420,33258,1,3500000.0
11703205423,33214,1,8500000.0
11702204229,33214,8,93000000.0
11708209429,34272,,
11702204626,34272,,
11702203429,33190,1,35000000.0
11701201429,33190,1,230000000.0
11701201423,33214,1,48000000.0
11701202232,33269,1,60000000.0
11704207032,33269,1,260000000.0
11806216223,33214,1,28000000.0
11805215435,33258,1,70000000.0
11807217835,33214,1,4000000.0
11801211835,33112,1,50000000.0
11807217027,33214,1,27000000.0
11808218225,33214,1,28000000.0
11808218225,33236,1,1000000.0
11807217421,33178,1,14000000.0
11807217035,33214,1,30000000.0
11807217035,33236,1,1200000.0
11807217032,33236,1,15000000.0
11805215432,33214,1,26000000.0
11802212232,33214,1,23000000.0
11802212232,33236,1,1700000.0
11903222823,33190,1,300000000.0
11904225624,33270,1,400000000.0
11904225624,34272,,
11903223625,33190,1,450000000.0
11903222420,34192,1,4000000000.0
11904224021,34272,1,150000000.0
11904225635,34272,1,30000000.0
11904225627,34272,1,5000000.0
11908229221,33190,1,1000000000.0
11907228022,33190,1,1200000000.0
11907228022,33214,1,450000000.0
11901220432,33214,1,200000000.0
11904226022,34272,1,100000000.0
11904226035,33134,1,3000000000.0
11904226035,34272,,
11904224032,34272,1,1000000000.0
11904226832,33270,1,400000000.0
11904226832,34272,1,30000000.0
12111250032,33190,1,130000000.0
12111250032,33214,1,60000000.0
12109249629,34239,1,700000.0
12109249622,33190,1,500000000.0
12102241726,33214,1,80000000.0
12105243724,33269,1,30000000.0
12105246420,33134,1,7200000000.0
12104242929,33214,1,5500000.0
12102240932,33190,1,400000000.0
12102240935,33190,1,1800000000.0
12103242120,33214,1,55000000.0
12103242135,33190,1,500000000.0
12102241329,33190,1,1500000000.0
12207260332,33134,,
12210263519,33112,1,2000000000.0
12210263519,33214,1,1000000000.0
12210263522,33214,1,20000000.0
12210263119,33214,1,200000000.0
12210263128,33236,1,50000000.0
12210263135,33236,1,15000000.0
12204257120,33214,1,25000000.0
12204257123,33214,1,240000000.0
12208262329,33236,1,2500000.0
12207260335,33112,1,1700000000.0
12210263532,33214,1,33000000.0
12301283335,33214,1,137000000.0
12301281723,33214,1,17500000.0
12301282120,33214,1,300000000.0
12301281726,33214,1,44000000.0
12306286922,33190,1,500000000.0
12301282123,33214,1,1000000000.0
12401295324,33269,1,75000000.0
12408302532,33190,1,250000000.0
12403298532,33190,1,80000000.0
12401296135,33190,1,3000000000.0
12401296135,33236,1,24000000.0
12408302920,33190,1,430000000.0
12401295729,33269,1,500000000.0
12403298526,33190,1,300000000.0
12501316127,33270,1,45600000.0
12501316123,33270,1,45600000.0
12501316135,33270,1,45600000.0
12501312529,33214,1,55000000.0
12501305723,33190,1,200000000.0
12501305723,34272,1,30000000.0
12501305720,33225,1,3200000.0
12501305732,34272,,
12501316732,33270,1,32180000.0
12501313220,33214,1,35000000.0
12501315529,33190,1,25000000.0
12501306822,33190,1,30000000.0
12501306829,33190,1,40000000.0
12501306832,34272,,
12501308624,33190,1,50000000.0
12501308624,33236,1,30000000.0
12501310320,33134,1,3300000000.0
12501310320,33156,1,15000000.0
12501310320,33167,1,5200000.0
12501316124,33270,1,45600000.0
12604323329,33214,1,28000000.0
12601317423,33190,1,100000000.0
12707337419,33462,1,87000000.0
12710341023,33112,1,600000000.0
12710341029,33190,1,200000000.0
12710341020,33190,1,55000000.0
12711342220,33190,1,100000000.0
12714345032,33462,1,1200000000.0
12706335426,33145,,
12702328232,33112,1,1500000000.0
12705333419,33214,1,37000000.0
12705333428,33214,1,28000000.0
12705334635,33134,1,5500000000.0
12705334635,33156,1,3500000.0
12705334635,33178,1,8000000.0
12705334635,33179,1,850000.0
12705334635,33214,1,180000000.0
12701327420,33190,1,200000000.0
12701327435,33214,1,150000000.0
12706336228,33190,1,30000000.0
12713343420,33190,1,200000000.0
12709339835,33112,1,700000000.0
12708339030,33112,1,300000000.0
12713343829,33214,1,1700000.0
12705332235,33134,,
12705332235,33145,,
12705332235,33156,1,40000000.0
12713343835,33190,1,50000000.0
12710340623,33236,1,100000000.0
12710341830,33190,1,200000000.0
12713344229,33190,1,220000000.0
12713344235,33190,1,48000000.0
12708339421,33214,1,105000000.0
12708339421,33269,1,50000000.0
12706335823,33112,1,1150000000.0
12705334623,33214,1,180000000.0
12704331027,33190,1,1180000000.0
12801345829,33214,1,20000000.0
12904362325,33134,1,100000000.0
12904362325,34192,1,58000000.0
12909366326,33145,1,2000000000.0
12909366326,33178,1,12000000.0
12901357520,33214,1,25000000.0
12907364720,33214,1,80000000.0
12908365523,33214,1,370000000.0
12901359120,33214,1,1500000.0
12904361532,33214,1,22000000.0
12907364732,33214,1,70000000.0
12905363126,33190,1,190000000.0
12905363126,33258,1,80000000.0
12909366329,33214,8,75000000.0
12901357932,33190,1,70000000.0
12903360726,33214,1,60000000.0
12903360726,33225,1,2800000.0
12906363932,33112,1,250000000.0
12901358726,33190,1,300000000.0
13001379635,33190,1,70000000.0
13001379635,33236,1,20000000.0
13001379632,33190,1,150000000.0
13001378032,34239,1,1200000.0
13001373732,33190,1,27000000.0
13001373732,34272,1,1000000000.0
13001368732,33214,1,10000000.0
13001373020,33190,1,4000000000.0
13001373020,33214,1,200000000.0
13001373029,33214,1,380000000.0
13001378024,34239,1,1000000.0
13003381629,33214,1,200000000.0
13005382423,33214,1,6000000.0
13001379626,33145,,
10006006722,34228,1,105000000.0
10006006726,33214,1,21100000.0
10007007132,33190,1,600000000.0
10001002323,33190,1,415000000.0
10004004135,33214,1,12000000.0
10007007135,34228,1,3000000.0
10005005021,33190,1,40000000.0
10007007621,33269,1,40000000.0
10010009235,33214,1,50000000.0
10013010435,33214,1,530000000.0
10006006723,33214,1,17000000.0
10001000535,33190,1,400000000.0
10001002326,33214,1,25000000.0
10001002326,33247,1,12000000.0
10004003624,33214,1,400000000.0
10009008026,33214,1,8000000.0
10010009224,34228,1,70000000.0
10101011529,33190,1,35000000.0
10101011529,34148,,
10102011932,33190,1,150000000.0
10102012324,33214,1,200000000.0
10102012325,33190,1,80000000.0
10102012332,33190,1,220000000.0
10111022721,33190,1,65000000.0
10104013935,33190,1,100000000.0
10105015130,33190,1,150000000.0
10105016328,33214,1,55000000.0
10109020719,33190,1,30000000.0
10109020735,33190,1,120000000.0
10111023528,33190,1,125000000.0
10111023535,34228,1,50000000.0
10112023932,33190,1,45000000.0
10113024322,33190,1,120000000.0
10114024730,33190,1,140000000.0
10115025535,33190,1,30000000.0
10216032523,33190,1,300000000.0
10208030523,33316,1,1500000000.0
10208030523,33418,1,1000000.0
10208030523,33440,1,250000000.0
10208030523,33451,1,100000000.0
10208030535,33145,,
10208030535,33156,1,10000000.0
10316045620,33190,1,200000000.0
10316045626,33190,1,350000000.0
10303039829,33190,1,150000000.0
10313045125,33214,1,22000000.0
10307043832,33190,1,100000000.0
10322047123,33190,1,300000000.0
10322047123,33214,1,150000000.0
10305042335,33112,1,600000000.0
10305042335,33236,1,25000000.0
10305042335,33258,1,20000000.0
10307043323,33112,1,3000000000.0
10319046130,33214,1,27500000.0
10303036335,33190,1,50000000.0
10325047735,33236,1,60000000.0
10303037832,33190,1,100000000.0
10303041732,34283,1,500000000.0
10510067719,34272,,
10510067720,34272,,
10510067726,33134,,
10510067726,33145,,
10510067726,33156,1,10000000.0
10505064435,33190,1,10000000.0
10505064432,33190,1,40000000.0
10505064432,33214,1,12000000.0
10502060122,33190,1,90000000.0
10503062923,34272,,
10501058827,33190,1,600000000.0
10502061726,34217,1,5000000.0
10501058828,34217,1,10000000.0
10502060123,33134,,
10502060123,33145,,
10501058823,33190,1,100000000.0
10511068532,34272,,
10505064426,33190,1,25000000.0
10502062119,33190,1,110000000.0
10514069735,33214,1,5000000.0
10508066526,33190,1,2000000000.0
10508066526,34272,,
10503063326,33258,1,100000000.0
10503063332,33190,1,200000000.0
10503063332,33214,1,120000000.0
10503063332,33258,1,130000000.0
10505064421,33190,1,20000000.0
10620081435,33247,1,20000000.0
10620081419,33236,1,10000000.0
10608077626,33247,1,24000000.0
10608078032,33134,1,3000000000.0
10602070723,33190,1,280000000.0
10612079530,33190,1,50000000.0
10612079530,33236,1,20000000.0
10603075232,33214,1,700000000.0
10616081026,33214,1,240000000.0
10701093630,34272,1,5000000.0
10701093630,34272,8,5000000.0
10707086823,34272,1,5000000.0
10707086823,34272,8,5000000.0
10722091023,34272,1,20000000.0
10722091023,34272,8,20000000.0
10707087323,34272,1,20000000.0
10707087323,34272,8,20000000.0
10707087326,34272,1,10000000.0
10707087326,34272,8,10000000.0
10719094135,34272,1,25000000.0
10719094135,34272,8,25000000.0
10719094129,33214,1,18000000.0
10719094129,34272,1,10000000.0
10719094129,34272,8,10000000.0
10705084332,34272,1,10000000.0
10705084332,34272,8,10000000.0
10707090124,33190,1,1000000000.0
10707090124,34272,1,10000000.0
10707090124,34272,8,10000000.0
10712092326,34272,1,10000000.0
10712092326,34272,8,10000000.0
10707090135,34272,1,5000000.0
10707090135,34272,8,5000000.0
10712092329,34272,1,10000000.0
10712092329,34272,8,10000000.0
10704083535,34272,1,15000000.0
10704083535,34272,8,15000000.0
10707085132,33269,1,20000000.0
10707085126,34272,1,4920000.0
10707085126,34272,8,4920000.0
10707086826,33190,1,52000000.0
10707086826,34272,1,10000000.0
10707086826,34272,8,10000000.0
10702083132,34272,1,10000000.0
10702083132,34272,8,10000000.0
10702083120,34272,1,10000000.0
10702083120,34272,8,10000000.0
10702083129,34272,1,10000000.0
10702083129,34272,8,10000000.0
10704083523,34272,1,5000000.0
10704083523,34272,8,5000000.0
10708090620,34272,1,10000000.0
10708090620,34272,8,10000000.0
10708090629,34272,1,10000000.0
10708090629,34272,8,10000000.0
10707085935,34272,1,20000000.0
10707085935,34272,8,20000000.0
10704083929,34272,1,15000000.0
10704083929,34272,8,15000000.0
10701093632,34272,1,15000000.0
10701093632,34272,8,15000000.0
10704083928,34272,1,20000000.0
10704083928,34272,8,20000000.0
10707089129,34272,1,5000000.0
10707089129,34272,8,5000000.0
10707090125,34272,1,20000000.0
10707090125,34272,8,20000000.0
10707090128,34272,1,20000000.0
10707090128,34272,8,20000000.0
10707090132,34272,1,20000000.0
10707090132,34272,8,20000000.0
10708090624,34272,1,10000000.0
10708090624,34272,8,10000000.0
10722091026,33214,1,440000000.0
10722091026,34272,1,15000000.0
10722091026,34272,8,15000000.0
10722091029,34272,1,25000000.0
10722091029,34272,8,25000000.0
10722091032,34272,1,20000000.0
10722091032,34272,8,20000000.0
10722091035,34272,1,20000000.0
10722091035,34272,8,20000000.0
10710091519,34272,1,10000000.0
10710091519,34272,8,10000000.0
10710091526,34272,1,10000000.0
10710091526,34272,8,10000000.0
10710091532,34272,1,15000000.0
10710091532,34272,8,15000000.0
10710091523,34272,1,10000000.0
10710091523,34272,8,10000000.0
10710091528,34272,1,10000000.0
10710091528,34272,8,10000000.0
10704083529,34272,1,20000000.0
10704083529,34272,8,20000000.0
10705084323,34272,1,10000000.0
10705084323,34272,8,10000000.0
10705084328,33214,1,12000000.0
10705084328,33269,1,48550000.0
10705084328,34272,1,10000000.0
10705084328,34272,8,10000000.0
10705084320,34272,1,20000000.0
10705084320,34272,8,20000000.0
10705084330,33418,1,54000000.0
10705084330,34272,1,20000000.0
10705084330,34272,8,20000000.0
10705084335,34272,1,20000000.0
10705084335,34272,8,20000000.0
10707084723,33462,1,200000000.0
10707084723,34272,1,15000000.0
10707084723,34272,8,15000000.0
10707084726,34272,1,15000000.0
10707084726,34272,8,15000000.0
10707084732,34272,1,10000000.0
10707084732,34272,8,10000000.0
10707085120,34272,1,7980000.0
10707085120,34272,8,7980000.0
10707085520,34272,1,10000000.0
10707085520,34272,8,10000000.0
10704083932,34272,1,5000000.0
10704083932,34272,8,5000000.0
10715093135,34272,1,4920000.0
10715093135,34272,8,4920000.0
10719094125,34272,1,10000000.0
10719094125,34272,8,10000000.0
10719094124,33236,1,3400000.0
10719094124,34272,1,10000000.0
10719094124,34272,8,10000000.0
10719094120,33418,1,35000000.0
10719094120,34272,1,10000000.0
10719094120,34272,8,10000000.0
10724094825,34272,1,5000000.0
10724094825,34272,8,5000000.0
10724094822,34272,1,5000000.0
10724094822,34272,8,5000000.0
10724094832,34272,1,10000000.0
10724094832,34272,8,10000000.0
10725095219,34272,1,5000000.0
10725095219,34272,8,5000000.0
10725095221,34272,1,10000000.0
10725095221,34272,8,10000000.0
10725095226,33190,1,500000000.0
10725095229,34272,1,15000000.0
10725095229,34272,8,15000000.0
10724094828,34272,1,10000000.0
10724094828,34272,8,10000000.0
10724094824,34272,1,10000000.0
10724094824,34272,8,10000000.0
10707085923,34272,1,15000000.0
10707085923,34272,8,15000000.0
10707085932,34272,1,5000000.0
10707085932,34272,8,5000000.0
10707086832,34272,1,5000000.0
10707086832,34272,8,5000000.0
10707087720,34272,1,15000000.0
10707087720,34272,8,15000000.0
10707087335,34272,1,5000000.0
10707087335,34272,8,5000000.0
10707087721,34272,1,20000000.0
10707087721,34272,8,20000000.0
10707087732,34272,1,5000000.0
10707087732,34272,8,5000000.0
10707087320,34272,1,15000000.0
10707087320,34272,8,15000000.0
10707088726,34272,1,10000000.0
10707088726,34272,8,10000000.0
10707088728,34272,1,10000000.0
10707088728,34272,8,10000000.0
10707088735,34272,1,15000000.0
10707088735,34272,8,15000000.0
10707085529,34272,1,5000000.0
10707085529,34272,8,5000000.0
10707085532,34272,1,5000000.0
10707085532,34272,8,5000000.0
10707086423,34272,1,10000000.0
10707086423,34272,8,10000000.0
10707087735,34272,1,5000000.0
10707087735,34272,8,5000000.0
10707086819,34272,1,2500000.0
10707086819,34272,8,2500000.0
10707089632,33269,1,200000000.0
10708090635,34272,1,10000000.0
10708090635,34272,8,10000000.0
10711091920,34272,1,10000000.0
10711091920,34272,8,10000000.0
10711091926,33420,1,4000000.0
10711091926,33440,1,5000000.0
10711091926,34272,1,20000000.0
10711091926,34272,8,20000000.0
10715093126,34272,1,7980000.0
10715093126,34272,8,7980000.0
10725095232,33190,1,350000000.0
10725095232,34272,1,5000000.0
10725095232,34272,8,5000000.0
10728095623,34272,1,10000000.0
10728095623,34272,8,10000000.0
10711091929,34272,1,5000000.0
10711091929,34272,8,5000000.0
10711091935,34272,1,10000000.0
10711091935,34272,8,10000000.0
10712092335,34272,1,15000000.0
10712092335,34272,8,15000000.0
10712092332,34272,1,15000000.0
10712092332,34272,8,15000000.0
10712092323,34272,1,10000000.0
10712092323,34272,8,10000000.0
10712092320,34272,1,10000000.0
10712092320,34272,8,10000000.0
10713092720,34272,1,5000000.0
10713092720,34272,8,5000000.0
10713092726,34272,1,10000000.0
10713092726,34272,8,10000000.0
10713092729,34272,1,5000000.0
10713092729,34272,8,5000000.0
10713092732,34272,1,5000000.0
10713092732,34272,8,5000000.0
10713092735,34272,1,10000000.0
10713092735,34272,8,10000000.0
10715093129,34272,1,4920000.0
10715093129,34272,8,4920000.0
10725095235,33190,1,110000000.0
10725095235,33214,1,150000000.0
10725095235,34272,1,20000000.0
10725095235,34272,8,20000000.0
10707085924,34272,1,5000000.0
10707085924,34272,8,5000000.0
10707089619,34272,1,15000000.0
10707089619,34272,8,15000000.0
10707089628,34272,1,10000000.0
10707089628,34272,8,10000000.0
10701093635,34272,1,2660000.0
10701093635,34272,8,2660000.0
10702083124,34272,1,5000000.0
10702083124,34272,8,5000000.0
10702083135,34272,1,25000000.0
10702083135,34272,8,25000000.0
10704083526,34272,1,5000000.0
10704083526,34272,8,5000000.0
10704083919,34272,1,10000000.0
10704083919,34272,8,10000000.0
10707084735,34272,1,10000000.0
10707084735,34272,8,10000000.0
10707085930,34272,1,15000000.0
10707085930,34272,8,15000000.0
10728095622,34272,1,10000000.0
10728095622,34272,8,10000000.0
10728095627,34272,1,5000000.0
10728095627,34272,8,5000000.0
10728095635,34272,1,30000000.0
10728095635,34272,8,30000000.0
10916113830,33214,1,150000000.0
10916113035,33214,1,18000000.0
10915109432,33112,1,7000000000.0
10916116228,33225,1,2000000.0
10908108226,33190,1,183000000.0
10918117832,34272,,
10907107822,34283, ,
10907107832,33214,1,16000000.0
10914109035,33190,1,100000000.0
10916109826,34272,1,400000000.0
10916111023,33214,1,80000000.0
10916114232,34272,1,600000000.0
10916116620,34272,1,40000000.0
10916116623,33214,1,40000000.0
10930119030,33190,1,120000000.0
11002123720,33214,1,110000000.0
11005128225,33214,1,28000000.0
11014132221,33145,,
11105140929,33258,1,85000000.0
11103137735,33112,1,2000000000.0
11101135335,33112,1,1092600000.0
11202150232,34228,1,250000000.0
11204153025,33190,1,200000000.0
11208156620,33214,1,30000000.0
11203151032,33190,1,100000000.0
11205153929,33134,,
11205153929,33145,,
11205153929,33350,1,80000000.0
11205153929,33360,1,10000000.0
11205153920,33214,1,7000000.0
11202150223,34192,1,3000000000.0
11201149835,33214,1,400000000.0
11201149832,33214,1,4500000.0
11205154430,33112,1,3000000000.0
11205154430,33123,1,500000000.0
11302159535,33189,1,310000000.0
11307169124,33190,1,100000000.0
11307169124,34283,1,120000000.0
11309171521,33190,1,30000000.0
11309171535,33214,1,350000000.0
11306168326,33214,1,40000000.0
11301158726,33190,1,200000000.0
11302159935,33190,1,45000000.0
11306168322,33214,1,8000000.0
11302160332,33190,1,700000000.0
11307169523,33214,1,300000000.0
11305167130,33190,1,150000000.0
11305167135,34272,,
11304166335,34272,1,30000000.0
11301159129,33214,1,21500000.0
11304163930,33190,1,115000000.0
11304163923,33190,1,20000000.0
11404178935,33190,1,67000000.0
11404178929,33190,1,200000000.0
11401172932,34250,1,6000000.0
11401172932,34261,1,6000000.0
11407181726,34161,1,2500000.0
11401171723,33236,1,30000000.0
11403178129,33190,1,14000000.0
11405180520,33214,8,29000000.0
11409182932,33214, ,
11404179335,33236,1,48000000.0
11402176532,33190,1,20000000.0
11405180532,33190,1,10000000.0
11402174535,33145,,
11402174535,33190,1,150000000.0
11402174535,33214,1,250000000.0
11402176929,33214,1,280000000.0
11405180523,33190,1,180000000.0
11403178132,33190,1,80000000.0
11404179732,33190,1,85000000.0
11404179735,33190,1,20000000.0
11404179735,33214,1,36000000.0
11403178535,33112,1,2000000000.0
11403178535,33145,,
11407181720,33190,1,311500000.0
11409183332,33236,1,10000000.0
11401172526,33190,1,300000000.0
11404179329,33236,1,45000000.0
11403178121,33190,1,20000000.0
11407181728,33190,1,200000000.0
11506190226,33145,,
11502185620,33214,1,25000000.0
11502184426,33214,1,28000000.0
11503187623,33418,1,150000000.0
11602194935,34272,,
11608200122,33190,1,158000000.0
11603196132,33190,1,500000000.0
11603196535,33258,1,60000000.0
11603196532,33258,1,65000000.0
11701202335,33112,1,420000000.0
11701202335,33145,,
11702204720,33190,1,110000000.0
11701201935,33269,1,90000000.0
11701201120,33214,1,8900000.0
11701201520,33190,1,400000000.0
11701202326,33269,1,110000000.0
11701203126,33269,1,300000000.0
11702203526,33214,1,38000000.0
11702203928,33214,8,90000000.0
11702203928,34272,,
11702204735,34272,,
11703205532,33214,1,16000000.0
11704207126,33190,1,180000000.0
11704207132,33112,1,2200000000.0
11705207520,33214,1,35000000.0
11705207923,33236,1,7500000.0
11706208726,33214,1,120000000.0
11707209135,33214,1,49000000.0
11708209526,34272,,
11701202332,33112,1,1150000000.0
11807217135,33258,1,75000000.0
11807217120,33112,1,1250000000.0
11801211535,33258,1,80000000.0
11810219929,33214,1,31500000.0
11802212320,33214,1,25000000.0
11801211519,33214,1,45000000.0
11809219135,33214,1,24000000.0
11809219132,33214,1,39000000.0
11803213532,34272,1,700000000.0
11908229335,33214,1,40000000.0
11908229325,33214,1,45000000.0
11903222929,33134,1,5000000000.0
11903222929,33156,1,7000000.0
11903222926,33190,1,3500000000.0
11903222524,33190,1,650000000.0
11903222535,33214,1,100000000.0
11903222526,33134,,
11903222526,33145,,
11901221735,33190,1,600000000.0
11901221735,34272,1,500000000.0
11910230532,33190,1,1500000000.0
11901222126,33190,1,900000000.0
11901221732,34272,1,1400000000.0
11901221719,33190,1,4000000000.0
11904227321,33190,1,220000000.0
12105245228,33112,1,1000000000.0
12105245228,33214,1,65000000.0
12101240229,33112,1,1340000000.0
12101240229,33189,1,15000000.0
12101240229,33236,1,100000000.0
12101240229,33247,1,50000000.0
12107248524,33190,1,800000000.0
12105244719,33112,1,700000000.0
12109249729,33214,1,25000000.0
12109249735,33214,1,60000000.0
12109249735,34239,1,13000000.0
12103242226,33214,1,34000000.0
12102241426,34239,1,2000000.0
12102241432,34239,1,14800000.0
12102241020,33214,1,35000000.0
12102241032,33214,1,25000000.0
12103241835,34148,1,650000000.0
12204256828,34148,1,100000000.0
12211264435,33418,1,27000000.0
12207261223,33258,1,53000000.0
12207260832,33258,1,73000000.0
12204256829,33145,1,550000000.0
12204256829,33214,1,13500000.0
12204256829,33236,1,30000000.0
12207260835,33258,1,64000000.0
12207260829,33258,1,54000000.0
12204256422,33112,1,150000000.0
12210263227,33112,1,300000000.0
12207260435,33214,1,260000000.0
12204257629,33214,1,125000000.0
12204257224,33134,,
12207260429,33214,1,13000000.0
12204256435,33145,1,600000000.0
12204257223,33214,1,28000000.0
12204256835,33112,1,1200000000.0
12210263632,33134,,
12301280235,33214,1,25000000.0
12301274635,33214,1,250000000.0
12301277425,33214,1,160000000.0
12408302625,33269,1,200000000.0
12403297832,33190,1,40000000.0
12403298626,33269,1,230000000.0
12401295020,33269,1,80000000.0
12407302232,33190,1,400000000.0
12407302232,33269,1,200000000.0
12405300229,33190,1,400000000.0
12401297035,33190,1,250000000.0
12403298623,33269,1,150000000.0
12403298235,33190,1,10000000.0
12501309920,33134,1,3000000000.0
12501309920,33190,1,300000000.0
12501311029,33190,1,100000000.0
12501316822,33270,1,18000000.0
12501311625,33214,1,28000000.0
12501306435,33190,1,500000000.0
12501309335,33190,1,850000000.0
12501307027,33190,1,300000000.0
12501307027,33214,1,50000000.0
12501304226,33214,1,40000000.0
12501309322,33214,1,35000000.0
12501311032,33190,1,40000000.0
12605325125,33190,1,600000000.0
12605324619,33270,1,400000000.0
12605324632,33134,1,3800000000.0
12605324632,33156,1,25000000.0
12605324632,33178,1,5000000.0
12604322923,33190,1,35000000.0
12601318032,33190,1,300000000.0
12704331522,33190,1,150000000.0
12702327932,33214,1,40000000.0
12703329135,33418,1,40000000.0
12714345126,33462,1,50000000.0
12705331935,33134,,
12705333130,33190,1,28000000.0
12701326732,33190,1,200000000.0
12705334720,33190,1,783000000.0
12710340727,33190,1,180000000.0
12713343532,33349,,
12708339120,33112,1,2500000000.0
12708339132,33214,1,45000000.0
12702328335,33112,1,100000000.0
12713343928,33190,1,600000000.0
12713343932,33190,1,50000000.0
12713343932,33258,1,60000000.0
12709340335,33112,1,200000000.0
12713344323,33214,1,11000000.0
12713344335,33112,1,150000000.0
12706335929,33190,1,500000000.0
12706335935,33214,1,170000000.0
12712343119,34228,1,140000000.0
12704331121,34192,1,3260000000.0
12801346320,33418,1,60000000.0
12801346320,33462,1,80000000.0
12801346727,33214,1,50000000.0
12801346722,33112,1,1800000000.0
12801346329,33214,1,300000000.0
12911368026,33134,1,2500000000.0
12911368026,33145,1,1000000000.0
12906364023,33214,1,24000000.0
12906363632,33190,1,800000000.0
12901359221,33134,1,40000000000.0
12901359221,33167,1,70000000.0
12909366426,34148,1,100000000.0
12907364435,33316,1,4300000000.0
12907365230,33123,1,25000000.0
12907365230,33190,1,600000000.0
12901358422,33134,,
12901358425,33190,1,120000000.0
12904362032,33190,1,30000000.0
12907364835,33134,1,16000000000.0
12907364835,33349,,
12907364832,33349,1,2500000000.0
13001370323,34272,1,200000000.0
13001371020,34272,1,100000000.0
13001371832,34272,1,100000000.0
13001372429,33418,1,20000000.0
13001373120,33189,1,20000000.0
13001373129,33214,1,300000000.0
13001373132,33190,1,160000000.0
13001373135,33190,1,130000000.0
13001373135,33214,1,150000000.0
13002380622,34272,1,230000000.0
