Address,code,value
20011394626,22111,1500000
20011394623,22111,1200000
20011394614,22111,2700000
20009393026,22113,1500000
20003387026,22113,1500000
20003387014,22111,525000
20006390620,22113,4200000
20006389424,22113,1500000
20007391829,22111,1800000
20007391821,22111,2250000
20011394613,22111,2400000
20011394613,23111,4000000
20009393029,22113,2100000
20009393029,23111,6000000
20001385423,22113,2250000
20001385429,22111,200000
20010394223,22111,1200000
20010394229,22111,240000
20001385420,22113,800000
20013397013,22111,1500000
20007391415,22111,1500000
20007391419,22111,900000
20004387829,22111,600000
20004387823,22111,675000
20004387820,22111,420000
20011395420,22111,1200000
20007392620,22113,500000
20007392629,22111,2400000
20001384226,22111,494000
20013397823,22113,1200000
20013397814,22113,540000
20006390229,22113,1200000
20004387817,22111,675000
20013397819,22113,1200000
20013397815,22113,1350000
20006389817,22111,1500000
20006389821,22111,1200000
20006389826,22111,80000
20007391015,22111,1350000
20010393814,22111,2100000
20012396220,22111,720000
20002386229,22111,600000
20013397414,22113,360000
20004387414,22111,420000
20002386216,22111,120000
20013397426,23111,1500000
20012396217,22111,1800000
20012396226,22111,1500000
20007391029,22113,2250000
20003386621,22113,1350000
20002385823,22111,1200000
20002385826,22111,480000
20002385829,22111,1200000
20006390614,22111,1350000
20013397029,22111,1350000
20007391023,22111,160000
20010393823,22111,1050000
20003386617,22111,1500000
20013397413,22113,720000
20004387420,22111,1200000
20004387419,22111,900000
20007392223,22111,400000
20111403617,23111,700000
20101398326,22111,625000
20102398819,22111,420000
20104399617,22111,240000
20104399620,22111,1350000
20104399626,22111,750000
20105400613,22111,320000
20105400621,22111,2400000
20108401913,22111,525000
20105400617,22111,1280000
20108402417,23111,800000
20109402829,22111,1500000
20113404714,22111,3000000
20114405120,22111,600000
20114405126,22111,1350000
20115405514,22111,140000
20108401917,22111,700000
20108401920,22111,700000
20104399217,22111,160000
20214411117,22111,1000000
20207409917,22111,750000
20206409126,22111,1500000
20220413929,22111,1500000
20207409920,22111,750000
20202407517,22111,750000
20202407520,22111,1500000
20201406723,22111,1375000
20201406729,22113,1350000
20221414314,22111,375000
20207409523,22111,1500000
20210410717,22111,60000
20205408323,22111,2700000
20205408326,22113,650000
20205408329,22111,2800000
20201406320,22113,1050000
20223415120,22113,1500000
20204407926,22111,1500000
20222414720,22111,1200000
20202407120,22111,3255000
20202407123,22111,1550000
20215411914,22111,1050000
20215411920,22111,750000
20215411923,22111,400000
20215411929,22111,3000000
20208410317,22111,2100000
20218413120,22115,400000
20208410320,22111,1200000
20218413114,22113,1650000
20218413114,23111,3000000
20307419926,22113,1085000
20305418729,22113,1550000
20314423523,22113,450000
20320424714,22113,450000
20320424729,22113,2250000
20311421123,22113,1200000
20311421114,22113,270000
20313422723,22113,400000
20313422729,22113,750000
20313422720,22113,150000
20320425123,22113,1200000
20320425126,22113,360000
20311421526,22113,1200000
20312421919,22113,750000
20320425129,22113,1800000
20316423923,22113,232500
20316423917,22113,139500
20307420314,22113,450000
20306419126,22113,900000
20306419123,22113,1200000
20306419123,22115,500000
20306419114,22113,600000
20303417929,22113,2015000
20323426317,22113,1550000
20323426329,22113,1395000
20319424318,22113,465000
20319424329,22113,1550000
20314423120,22113,387500
20303417526,22111,542500
20325427113,22113,7440000
20319424316,22113,2170000
20302416717,22113,3100000
20323426326,22113,900000
20325427121,22113,1860000
20324426714,22113,1395000
20306419523,22113,60000
20321425529,22113,1000000
20325427126,22113,232500
20322425916,22111,1500000
20311421124,22113,1240000
20314423515,22113,1500000
20313422718,22113,1550000
20413437414,22115,300000
20413437423,22111,4000000
20408434614,22111,124000
20407433426,22111,1200000
20407433414,22111,2100000
20405431815,22111,1550000
20402429816,22113,1000000
20403431029,22111,1395000
20401429426,22111,310000
20401429415,22115,150000
20401429423,22111,1705000
20402429823,22113,1200000
20411436217,22111,2400000
20416438623,22113,1000000
20403431017,22111,1550000
20417439423,22113,744000
20411436226,22111,1800000
20408433814,22111,1500000
20401429029,22111,2170000
20401429020,22111,1085000
20401429026,22111,387500
20405431829,22111,1860000
20408434629,22111,1550000
20417439026,22111,775000
20417439029,22111,1550000
20414437814,22111,930000
20414437817,22111,4650000
20413437417,22113,1200000
20408434220,22111,2170000
20415438229,22111,1550000
20415438217,22111,2170000
20415438217,23111,3000000
20410435814,22111,150000
20403430229,22111,1240000
20409435023,22111,1040000
20409435018,22111,325500
20409435026,22111,2325000
20405432226,22111,1550000
20405432220,22111,1240000
20401428614,22111,387500
20415438223,22111,1550000
20415438226,22111,1550000
20415438215,22111,465000
20410435417,22115,1500000
20505444022,22113,1750000
20501439926,22115,200000
20502441129,22113,1800000
20508446723,22113,2100000
20501439920,22111,2000000
20505444823,22113,2700000
20513450513,22113,180000
20505444814,22111,900000
20513450522,22113,1800000
20509447117,22111,1200000
20503442714,22113,1500000
20508446314,22111,500000
20501439518,22113,1800000
20502441915,22113,4200000
20502440729,23111,1000000
20501439517,22113,750000
20502441126,22113,1200000
20507445526,22111,1200000
20510447919,22111,1500000
20507445529,22111,500000
20511449116,22113,2100000
20511449116,23111,4000000
20503442720,22113,1675000
20511448723,22113,2400000
20511448723,23111,2500000
20511448726,22113,2100000
20509447114,22111,3000000
20510447529,22113,315000
20501440320,22111,625000
20503442323,22113,280000
20511449121,22113,3600000
20619460826,22113,1050000
20627463218,22115,1700000
20627463214,22113,2400000
20627463214,23111,2100000
20627463219,22113,2100000
20608456029,23111,2000000
20608456014,22113,1500000
20607454815,22113,1050000
20607454822,22113,1200000
20604453617,22113,1500000
20616460429,22113,500000
20616460414,22113,1500000
20604453220,22113,1600000
20606454417,22113,2100000
20606454416,22113,750000
20625462820,22111,750000
20610456829,22113,3600000
20627463623,22113,1350000
20627463617,23111,500000
20611457626,22111,1500000
20611457629,22113,2400000
20617461623,22113,600000
20610457217,22113,1500000
20610457220,22113,2400000
20610457229,22113,1200000
20612458815,22113,900000
20610456819,22113,3600000
20624462422,22113,2400000
20624462417,22113,2100000
20605454020,22113,1200000
20605454029,22111,750000
20610457226,22113,240000
20607455229,22113,1500000
20601451617,22113,1200000
20714472123,22111,1550000
20707467326,22115,400000
20707467329,22111,2700000
20727476129,22111,500000
20704464914,22111,3600000
20715472529,22113,600000
20724474923,22111,1240000
20725475721,22113,4200000
20715472515,22111,200000
20707466913,22111,800000
20707466920,22111,1550000
20707466920,23111,558000
20707466923,22111,1550000
20711470114,22111,1800000
20713471313,22115,250000
20709468514,22113,1950000
20709468517,22113,650000
20703464120,22113,1550000
20703464123,22113,1240000
20720474526,22111,2250000
20720474526,23111,12000000
20720474514,22113,4200000
20705465329,22111,975000
20726471720,22115,250000
20726471723,22113,1800000
20726471726,22115,400000
20726471717,22113,1500000
20718473714,22113,1550000
20702463720,22111,1860000
20709468520,22113,3900000
20714472126,22111,1950000
20714472129,22111,400000
20717475314,22113,1240000
20708468126,22111,1240000
20714472120,22115,300000
20706466126,22113,2100000
20711470116,22111,1500000
20711470120,22113,3100000
20711470123,22113,5270000
20711470126,22111,3100000
20705465723,22113,2100000
20803479514,22113,900000
20803479523,22113,1200000
20811484716,22113,1000000
20811484729,22111,1500000
20811484714,22111,1000000
20808483115,22113,2100000
20815486320,22113,1200000
20812485126,22113,150000
20823489926,22113,250000
20819488324,22111,800000
20804480326,22111,1200000
20804480329,22111,800000
20804480324,22111,1500000
20805481126,22113,1000000
20805481122,22113,800000
20805481117,22111,350000
20805481129,22113,500000
20820489114,22111,7500000
20820489129,22111,1500000
20820489118,22111,875000
20813485923,22113,200000
20806481514,22111,500000
20801477917,22111,1250000
20818487924,22113,750000
20802478720,22111,750000
20806481921,22111,1500000
20804479922,22111,1800000
20927502217,22111,1627500
20934503823,22113,600000
20935502629,23111,3000000
20916495814,22111,600000
20920499423,22111,1400000
20920499423,23111,4500000
20917497014,22111,1200000
20917497023,22111,400000
20918498229,22111,675000
20917497017,22111,200000
20905490623,22111,1085000
20905490629,22111,200000
20906491826,22111,500000
20908493014,23111,1200000
20914494217,22111,225000
20914494223,22111,2000000
20914494223,23111,2000000
20914494615,22111,200000
20914494618,22111,400000
20914494629,22111,240000
20918497820,22115,300000
20918497826,22115,250000
20918498214,22111,2015000
20920499015,23111,100000
20908493015,23111,3500000
20932501822,22115,400000
20904490214,22115,100000
20904490220,22115,400000
20904490223,22115,200000
20929501017,22111,1800000
20929501020,22111,1800000
20907492222,22111,600000
20907492229,23111,4000000
20936504220,22111,80000
21018512213,22111,900000
21011509426,22111,1500000
21005506217,22113,100000
21005506220,22113,2400000
21008507014,22113,3000000
21011509429,22111,150000
21024515823,22111,750000
21012510220,22111,600000
21017511413,22113,1200000
21002505420,22115,200000
21016505817,22113,2400000
21002505415,22111,1000000
21010509014,22111,1920000
21010509026,22111,560000
21023515023,22111,300000
21008507426,22111,1500000
21012509821,22111,1200000
21014510618,22111,140000
21001514229,22111,1500000
21002505014,22113,1800000
21002505029,22111,1200000
21006515414,22111,225000
21006515429,22111,1500000
21007513415,22111,750000
21007513424,22111,1500000
21010509017,22111,1000000
21012509820,22113,1200000
21012509829,22113,2400000
21013514622,22113,50000
21014511026,22113,1200000
21014511029,22113,600000
21015511826,22111,256000
21015511829,22111,600000
21017511426,22111,40000
21017511429,22113,240000
21018512214,22113,2100000
21018512223,22111,900000
21018512226,22115,140000
21018512229,22111,1800000
21019512614,22111,560000
21020513814,22111,625000
21020513816,22111,1500000
21023515014,22111,2700000
21023515017,22111,1200000
21117527129,22111,2250000
21114525526,23111,400000
21105519519,23111,100000
21103518313,22115,500000
21103517929,23111,130000
21103517924,23111,60000
21107521120,22115,200000
21105519126,23111,200000
21210534623,22111,2000000
21210534620,22111,1800000
21210534614,22111,1200000
21204530429,22113,4200000
21202529126,22113,1500000
21202529117,22115,1500000
21202529523,22111,3000000
21205531429,22113,3000000
21207532717,22113,3000000
21207532714,22113,3600000
21207532729,22113,1800000
21207532723,22115,400000
21203529926,22111,500000
21209534223,22113,2250000
21209534229,22113,1500000
21209534220,22111,2400000
21204530424,22113,2100000
21205531414,22113,1550000
21205531414,23111,3000000
21205531421,22113,2480000
21201528619,22113,750000
21209533729,22113,600000
21209533720,22113,585000
21202529114,22115,1600000
21303537513,22113,750000
21303537520,22113,1575000
21303537523,22111,1550000
21303537526,22111,240000
21303537529,22111,600000
21301535114,22113,600000
21309544714,22111,600000
21309545116,22111,400000
21306541514,22111,1705000
21306541516,22111,1550000
21306541516,23111,1500000
21306541526,22111,500000
21308543920,22113,450000
21306541919,22111,1317500
21306541923,22111,775000
21303538314,23111,1000000
21303538326,22111,2480000
21302537123,22113,400000
21302537129,22113,400000
21308544314,22111,700000
21308544317,22111,420000
21308544323,22111,612500
21307543123,22113,875000
21307543126,22113,930000
21302536717,22111,600000
21308543520,22111,280000
21308543523,22111,1085000
21302536323,22111,1800000
21302536329,22111,750000
21305539926,22113,180000
21305539919,22113,675000
21304538723,22113,1550000
21304538720,22113,600000
21305541129,22111,650000
21303537917,22111,1240000
21304539114,22111,2100000
21302535915,22111,400000
21302535919,22111,697500
21302535919,23111,1000000
21304539515,22111,1240000
21304539521,22111,930000
21304539514,22111,450000
21405550323,22111,750000
21402545920,22111,1800000
21402545920,23111,3500000
21404549513,22111,1200000
21404548319,22111,1200000
21402546729,22111,2400000
21404548723,22111,1500000
21409553526,22111,1350000
21407551914,22111,1200000
21403547129,22111,1240000
21406550726,22111,500000
21401545529,22111,3000000
21401545529,23111,3000000
21407551523,22111,400000
21407551514,22111,1500000
21402546717,22111,2100000
21402546320,22111,1800000
21402546329,22111,3600000
21407552314,22111,2100000
21407552320,22111,250000
21406551114,22111,1200000
21406551114,23111,400000
21404548720,23111,2500000
21403547514,22111,1200000
21404548717,22111,1800000
21406550714,22111,750000
21408553126,22111,600000
21402546714,22111,600000
21401545514,22111,1050000
21404547923,22111,232500
21402545914,22111,1800000
21402545923,22111,1800000
21402545923,22115,400000
21505558820,22113,800000
21502555229,22111,1200000
21502555217,22111,1500000
21501554422,22113,1500000
21511562817,23111,2000000
21511562814,22113,600000
21511562829,22113,1000000
21506559223,22115,150000
21509561617,22111,1400000
21509561617,23111,2000000
21509561623,23111,3000000
21509561620,22111,1200000
21509561620,23111,3000000
21503556829,22115,3000000
21503556823,22113,1200000
21507560014,22111,900000
21507560424,22111,1500000
21507560424,23111,3000000
21507560414,22111,1350000
21507560420,22113,3000000
21501554429,22111,1200000
21501554413,22111,540000
21502554814,22111,75000
21502554823,22111,675000
21502554829,22115,200000
21502554820,22111,900000
21502554820,22115,500000
21502554817,22111,375000
21503556023,22111,1500000
21504557217,22111,750000
21504557217,23111,500000
21511563217,22113,1800000
21508560826,22111,1500000
21505558426,22113,1800000
21505558426,23111,2000000
21506559626,22113,2000000
21506559626,23111,3000000
21506559623,22113,2500000
21506559623,23111,2000000
21505558414,22113,1200000
21509561626,22111,1400000
21509562026,22111,1500000
21601564722,22113,750000
21604567117,22113,900000
21603565920,22111,1800000
21603565923,22111,900000
21603566326,22111,1500000
21603566329,22111,1200000
21609571126,22113,1500000
21610571917,22113,600000
21603566317,22111,1200000
21609571514,22111,2400000
21602565514,22113,300000
21604567917,22111,2400000
21604567923,22113,1200000
21604567929,22113,1200000
21606569126,22113,1200000
21603565929,22111,600000
21606569129,22113,900000
21607570314,22113,1800000
21702576617,22113,300000
21703577820,22113,900000
21705579416,22113,500000
21706580220,22113,750000
21706580220,22115,500000
21706580623,22111,600000
21701573026,22115,150000
21701573414,22113,500000
21701573426,22113,4030000
21701574614,22113,1525000
21701574626,22113,1550000
21702575826,22113,300000
21704578219,22113,930000
21704578219,23111,1000000
21704578223,22113,300000
21706580629,22111,600000
21701572614,22113,2850000
21701572617,22113,400000
21701573826,22113,1512500
21701574223,22113,465000
21701575026,22115,350000
21702575414,22113,450000
21702576226,22113,750000
21702576229,22113,1500000
21702576629,22113,450000
21703577020,22115,150000
21703577417,22113,750000
21703577429,22115,150000
21704578617,22113,1240000
21704578623,22113,1295000
21704579023,22115,200000
21705579823,22115,200000
21705579826,22115,350000
21707581019,22115,240000
21707581026,22115,100000
21707581029,22113,440000
21707581417,22115,200000
21708582226,22115,120000
21704578614,22113,1950000
21802584414,22115,14000000
21803585220,22113,1500000
21807588922,22115,200000
21802584018,22111,320000
21804586815,21111,200000
21806588026,22113,300000
21802583226,22115,300000
21807588520,22113,1200000
21804586426,22115,300000
21802584022,22113,240000
21802584420,22113,1800000
21804586418,22115,300000
21809590118,22113,1200000
21809589722,22111,250000
21806587629,22115,400000
21807588926,22113,1800000
21809590514,22115,300000
21805587226,22115,350000
21801582823,22113,1500000
21807588517,22113,1500000
21801582413,22113,1350000
21801582421,22115,240000
21803585217,22113,1200000
21803585218,22113,2100000
21803585626,22115,200000
21802584429,22115,300000
21803585223,22113,300000
21803586016,22115,300000
21803586022,22115,200000
21807588526,22113,3000000
21807588929,22113,1200000
21808589320,22115,400000
21809590116,22113,2400000
21809590529,21111,200000
21803585616,22115,280000
21803585629,22113,1500000
21807588917,22115,460000
21803586014,22115,4500000
21906595829,22113,500000
21906595826,22115,150000
21906595813,22113,270000
21906595823,22113,1317500
21910599826,22113,900000
21904595421,22111,3000000
21904595426,22111,1500000
21909599016,22111,1500000
21903592626,22113,325500
21903592629,22111,775000
21904594215,22111,325500
21909599019,22111,577500
21909599020,22111,2430000
21904595023,22113,1800000
21901592219,22111,1200000
21901591829,22113,697500
21904595029,22111,4200000
21904595022,22111,1200000
21908597420,22113,405000
21908597426,22113,90000
21903593814,22111,450000
21904595026,22113,1800000
21907597015,22111,500000
21903593026,22111,542500
21908597829,22111,1000000
21908597816,22111,387500
21910599824,22113,900000
21909598614,22111,135000
21906596220,22111,900000
21906596221,22113,900000
21908598224,22111,775000
21908598226,22115,200000
21908598229,22111,193750
21906596626,22111,2400000
21906596626,23111,500000
21908598213,22111,1550000
21907597023,22113,960000
21908597429,23111,700000
22004605016,22111,600000
22001601426,22113,600000
22001600229,22111,1012500
22003603026,22111,1050000
22003603018,22111,1290000
22001600615,22111,1200000
22001601017,22115,120000
22003602620,22111,30000
22007607020,22111,1500000
22001601024,22111,500000
22003603823,22113,3000000
22107616923,22111,2100000
22108617729,22111,2400000
22101609320,23111,250000
22101609323,23111,300000
22101609314,23111,100000
22102610123,22111,600000
22102610117,22111,1800000
22102610120,22111,1350000
22104612129,22111,140000
22102610126,22111,1250000
22102610129,22111,600000
22111619826,22111,1050000
22102610113,22111,3300000
22104612117,22111,2400000
22109618114,22113,1800000
22109618120,22111,1800000
22109618123,22111,1800000
22108617324,22111,1500000
22108617322,22111,1800000
22103610920,22111,2025000
22103610926,22111,1200000
22104612517,22111,3500000
22104612517,23111,3000000
22107616119,22111,3000000
22107616119,23111,3600000
22107616120,22113,1500000
22103611317,22111,3000000
22103611317,23111,1500000
22103611320,22113,2100000
22103611714,23111,2000000
22111619424,22111,750000
22111619426,22113,750000
22111619426,23111,1000000
22105613714,22111,4000000
22106615713,22111,600000
22105614923,23111,250000
22204622718,22115,400000
22213625914,22111,400000
22212631123,22115,350000
22202620726,22115,300000
22202620315,23111,1000000
22202620714,23111,1000000
22202621114,23111,500000
22206625529,22115,300000
22207626723,22115,250000
22206625514,22115,1200000
22206625523,23111,2500000
22213625929,22115,200000
22208627513,22113,3600000
22208627513,23111,4000000
22205623923,22111,3000000
22205625123,22115,500000
22206625520,22115,300000
22203622317,23111,1000000
22203621520,22115,700000
22203621913,23111,1000000
22206625517,22115,500000
22208627529,22113,1500000
22208627529,23111,2000000
22212631126,22113,720000
22204623121,22113,3000000
22202620715,22115,700000
22301631620,22113,1800000
22303633329,22115,100000
22303633314,22113,2400000
22317638229,22113,1050000
22303632514,22113,3600000
22316635326,22113,3000000
22312636113,22111,3000000
22316635323,22113,1650000
22319639023,22113,3300000
22309634921,22111,3000000
22317638626,22113,225000
22312636519,22113,720000
22303632918,22113,420000
22310635717,22113,2400000
22301631626,23111,300000
22302632026,22113,900000
22302632029,22113,840000
22309634929,22111,4000000
22319639013,22113,1350000
22406645714,22113,240000
22408646920,22111,1395000
22401640514,22113,1500000
22401640517,22111,3000000
22405644517,22113,1550000
22402640914,22113,1550000
22408646917,22111,542500
22404642517,22111,3100000
22405643726,22113,1085000
22405644114,22111,1550000
22401640115,22111,5000000
22401640115,22113,2250000
22403641721,22111,900000
22409647320,22111,3100000
22401639726,22111,1550000
22406645319,22113,1240000
22409647315,22113,1550000
22409647329,22113,1550000
22409647318,22111,1550000
22408646520,22113,4340000
22410647723,22111,1800000
22410647729,22111,1500000
22501651329,23111,400000
22501652119,22111,1650000
22501652515,22113,1500000
22501652526,22111,1350000
22501653323,22113,187500
22501653715,22115,250000
22501653718,22111,1650000
22501653729,22111,1500000
22501654129,22111,1500000
22501654515,22111,300000
22501654521,22111,400000
22501654524,22111,1950000
22501654529,22111,2700000
22501648114,22111,1024000
22501648915,22111,1500000
22501648926,22111,500000
22501648929,22111,840000
22501650115,22111,750000
22501650126,22111,1350000
22501650129,22111,1500000
22501650516,22111,87500
22501650521,22111,1050000
22501650926,22111,600000
22501651314,22115,120000
22603660819,22113,1550000
22603660819,23111,3000000
22603660829,22111,1085000
22605663217,22113,1550000
22605663229,22111,1240000
22602657226,22113,1550000
22606664429,22111,1240000
22606664429,23111,3000000
22601656017,23111,5000000
22603660429,22113,2170000
22603660417,22113,2100000
22603660420,22111,1350000
22603660423,22113,2015000
22603660423,22115,150000
22603660423,23111,1500000
22606664017,22111,1500000
22606664014,22111,1395000
22603659226,22113,3000000
22603659224,22111,420000
22603659214,22113,3875000
22603659217,22113,2170000
22602658023,22113,2325000
22602658029,22111,400000
22602656813,22111,1550000
22602657217,22113,3100000
22602657217,23111,4000000
22602657223,22113,2325000
22602658417,22111,1500000
22602658417,23111,3000000
22602658426,22111,1550000
22603659626,22113,3100000
22604662016,22111,1500000
22606664420,22111,930000
22605662418,22113,450000
22603658823,22113,1550000
22601655217,22113,2170000
22602656814,23111,1000000
22602656821,22111,2700000
22602656823,22113,465000
22605662814,22113,2170000
22605662823,22113,15000
22605662826,22113,600000
22605662829,22113,1800000
22601655616,22113,400000
22604661614,22111,930000
22604661617,22113,610000
22604661620,22113,550000
22604661626,22113,975000
22601655223,22113,2170000
22602657617,22113,1650000
22602657620,22111,2400000
22604661223,22111,3000000
22601656417,22113,1125000
22714676326,22111,160000
22703666629,23111,3000000
22709672314,22113,1240000
22709672314,23111,2700000
22709672320,22113,1240000
22709672320,23111,2500000
22707670719,22111,120000
22712674726,22113,1240000
22712674726,23111,3000000
22704667426,22113,525000
22705667923,23111,2000000
22701665017,22113,1800000
22701665015,22113,1800000
22701665015,22115,300000
22701665015,23111,3500000
22707670320,22113,1550000
22704667013,22111,1500000
22703666221,22115,140000
22709672726,22113,1550000
22709672726,23111,2700000
22709672717,22113,1860000
22709672717,23111,2700000
22706668717,23111,1000000
22706669117,22113,387500
22706669117,23111,150000
22706669120,23111,300000
22711673924,22113,1500000
22702665820,22115,500000
22710673129,22113,1800000
22705668313,22113,500000
22705668322,22115,600000
22705668329,22115,500000
22801677217,23111,1250000
22803680829,23111,2500000
22808686829,22111,600000
22808686829,23111,1500000
22808688015,23111,1500000
22802679629,23111,1000000
22806685215,22111,1200000
22806685215,23111,3000000
22801676826,23111,1400000
22803680813,23111,600000
22805684029,22113,400000
22806685216,23111,1200000
22806685224,23111,3000000
22806685226,22111,600000
22802679213,22111,300000
22802679213,23111,1000000
22808687226,22111,2400000
22808687229,23111,9000000
22801678015,22111,1200000
22801678015,23111,3000000
22802679214,23111,1500000
22802679223,23111,4000000
22807686017,22113,400000
22801677624,23111,2000000
22801677629,23111,1000000
22806684429,23111,1500000
22806684414,23111,2000000
22808687614,23111,1800000
22803680820,23111,1000000
23002703515,22113,1500000
23001700713,22111,750000
23001700716,22111,225000
23001700729,22111,750000
23002702313,22115,400000
23002703526,22111,1500000
23005707123,22111,90000
23005707129,22111,900000
23005707923,22111,750000
23005707926,22111,500000
23006708713,22111,750000
23006709126,22111,750000
23006708326,22111,750000
23001701114,22111,1500000
23003706329,22111,1800000
23001700329,22113,2100000
23002701917,22113,750000
23002702321,22111,200000
23003705514,22113,3000000
23002703918,22111,1200000
23002704323,22113,1200000
23002704717,22113,900000
23002704724,22111,400000
23003705520,22113,1200000
23003705523,22111,900000
23003706313,23111,3000000
23003706314,22111,180000
23003706323,22113,1000000
23003706324,22113,500000
23003706326,22113,1800000
23003706715,22113,1200000
23003706719,22113,1200000
23003706719,22115,300000
23001700317,22113,1800000
23001701117,22111,750000
23001701120,22111,1200000
23001701126,22111,900000
23002701922,22113,600000
23002702315,22111,300000
23002702326,22111,200000
23002702715,22111,2400000
23002703113,22113,3000000
23002703123,22113,3000000
23002703126,22113,300000
23002703523,22111,1500000
23002703529,22113,600000
23005707114,22111,750000
23002703923,22113,600000
20003386715,22111,1000000
20010394314,22111,3000000
20007391920,22111,100000
20005389124,22111,120000
20012395522,22113,1650000
20007391529,22113,3000000
20010394326,22111,400000
20012395523,22113,1500000
20013397519,22111,2100000
20013397526,22111,2400000
20004387529,22111,40000
20010393926,22111,5400000
20010393926,23111,6000000
20012396317,22111,900000
20012396314,22111,900000
20012396314,23111,1800000
20005388715,22111,1800000
20001385129,22113,1800000
20001385126,22113,3600000
20002386314,22113,1650000
20001385114,22111,270000
20002386313,22113,1800000
20007391520,22111,500000
20006389920,22113,1350000
20006389920,23111,3000000
20006389929,22113,1500000
20001385115,22111,275000
20005389117,22111,560000
20013397913,22111,300000
20009393129,22111,4800000
20012395529,22113,1500000
20003386726,22113,2100000
20006390717,22113,1200000
20007391929,22113,1350000
20006389526,22113,1000000
20006389526,23111,2000000
20012395922,22113,2700000
20002385929,22113,2800000
20007391129,22113,600000
20013397126,22113,2100000
20007391126,22113,500000
20004388320,23111,1000000
20006390314,22111,1800000
20006389518,23111,5000000
20007391116,22111,900000
20002385920,22113,120000
20011394722,22111,2100000
20001384729,22111,675000
20007391120,22111,1050000
20013397520,22111,2250000
20004387914,22111,320000
20013397515,22111,1500000
20002385913,22113,550000
20011395126,22111,1650000
20004387926,22111,720000
20005389122,22111,400000
20004387516,22111,160000
20012396326,22111,1500000
20010394329,22111,400000
20002385916,22113,300000
20103398926,22111,1050000
20105400718,22111,300000
20111403726,22111,3000000
20114405214,22111,1200000
20105400223,22111,1200000
20109402923,22111,1500000
20105400226,22111,1950000
20116405629,23111,1500000
20108402018,22111,960000
20108402026,22111,1125000
20108402023,22111,3750000
20104399318,22111,2100000
20105400213,22111,500000
20109402529,22111,157500
20109402514,22111,1600000
20106401118,22111,600000
20110403322,22111,1400000
20112404326,22111,1800000
20114405217,22111,1200000
20201406017,22113,1050000
20201406023,22113,2250000
20214411214,23111,1750000
20214411223,22111,750000
20220414026,22111,3000000
20226416026,22115,8000000
20207409223,22111,1350000
20215412023,22113,600000
20225415614,22111,1500000
20205408815,22113,510000
20202407220,22111,225000
20219413220,22113,427500
20222414829,22111,1500000
20210410423,22111,50000
20210410426,22111,275000
20205408826,22111,420000
20218412817,22111,487500
20218412823,22113,1125000
20228416417,22113,900000
20207410026,22113,3000000
20302416820,22113,1860000
20302416817,22113,1550000
20312421617,22113,1650000
20303418016,22113,651000
20306419214,22113,1350000
20316424014,22113,542500
20324426815,22113,930000
20321425620,22113,2170000
20307419618,22113,852500
20307419626,22113,1085000
20305418417,22113,1050000
20305418429,22113,387500
20305418426,22113,775000
20312422020,22113,800000
20310420423,22113,1240000
20305418420,22113,1550000
20321425626,22113,1550000
20314423226,22113,1240000
20310420816,22113,3100000
20310420817,22113,1500000
20310420823,22113,1950000
20303417617,22113,930000
20303417629,22113,1550000
20311421217,22113,450000
20311421217,23111,1500000
20311421229,22113,2480000
20321425618,22113,1050000
20314423229,22113,1550000
20310420829,22113,1050000
20313422416,22113,1550000
20313422426,22113,1050000
20325427226,22113,1500000
20325427229,22113,600000
20311421220,22113,3000000
20316423623,22113,542500
20307420017,23111,1000000
20307420013,22113,271250
20322426029,22113,1085000
20322426023,22113,1240000
20322426014,22113,2400000
20320424815,22113,600000
20307420029,22113,1860000
20307420029,23111,900000
20321425214,22113,70000
20303418026,22113,868000
20320424820,22113,900000
20325427218,22113,1550000
20313422423,22113,1550000
20313422814,22113,1000000
20414437926,22111,3720000
20403430723,22111,2325000
20412436714,22111,1860000
20401429523,22111,2015000
20401429529,22111,1705000
20411436320,22115,500000
20401428317,22111,3000000
20407433529,22113,2800000
20415438326,22111,2480000
20402429926,22111,2480000
20402429929,22111,496000
20401428721,22111,2170000
20401428713,22111,542500
20401428720,22111,1550000
20416438714,22111,4960000
20416438726,22111,3410000
20413437522,22111,4960000
20403430329,22111,1550000
20403430320,22111,2170000
20406432717,22111,1860000
20406432726,22111,2480000
20406432714,22111,2480000
20416438729,22111,1860000
20416438724,22111,1240000
20401429129,22111,2015000
20401428729,22111,2480000
20408434717,22111,1500000
20415438314,22111,1085000
20412437129,22111,2500000
20410435920,22115,500000
20415438329,22111,3100000
20405432317,22111,2170000
20401429115,22111,2480000
20409435116,22113,2500000
20409435129,22111,2400000
20407433523,22111,5000000
20510448423,22113,2400000
20510448423,23111,6000000
20510448429,22113,2500000
20502442023,22113,1500000
20502442020,22111,1500000
20502442020,23111,1000000
20501439617,22113,2100000
20502441214,22111,400000
20502440813,23111,3000000
20508446016,22113,2100000
20507445620,22111,1650000
20511448819,22113,1800000
20511448819,23111,3000000
20508446414,22111,2170000
20514450626,22113,2800000
20510447629,22111,1000000
20508446023,22115,100000
20514451019,22111,1500000
20501440029,22111,750000
20507445629,22113,1500000
20507445629,23111,1000000
20501440016,22111,500000
20510447617,22111,60000
20514450620,22115,1000000
20501440429,22113,3000000
20510447626,22111,375000
20502440821,22115,1000000
20502440826,22111,500000
20502440817,23111,2000000
20505444929,22113,2170000
20502441617,22111,140000
20502440820,23111,5000000
20509447222,22113,350000
20509447229,22113,2100000
20505444129,22113,750000
20505444526,22113,2700000
20502441217,22111,480000
20510448026,22113,1300000
20510448015,22113,1050000
20510448023,22113,3300000
20505444514,22113,1500000
20513450215,22111,3600000
20606454520,22113,1200000
20619460921,22113,1500000
20610456921,22113,1500000
20602452120,22115,1000000
20604453321,22111,900000
20604453320,22111,900000
20607454926,22113,2400000
20607454917,22113,1500000
20607454914,22113,1800000
20624462524,22113,2400000
20611457717,22113,3000000
20603452521,22113,900000
20624462523,22113,1200000
20624462516,22113,2100000
20614458917,22113,1500000
20601451313,22113,1500000
20601451319,22113,1500000
20601451321,22113,1800000
20617461726,22113,480000
20617461729,22113,600000
20616460523,22113,2400000
20616460515,22113,1800000
20603452923,22113,2400000
20603452922,22113,1800000
20618454114,22113,2400000
20618454129,22113,1200000
20608456115,22111,3000000
20608455326,22115,170000
20601451720,22113,900000
20611458124,22113,2100000
20627463317,22113,1225000
20627463320,22113,825000
20612458514,22113,1200000
20612458517,22113,1200000
20612458529,22113,1200000
20712471017,22111,600000
20712471017,22115,300000
20729477026,22113,450000
20726471820,22115,300000
20726471826,22113,1800000
20726471814,22113,1800000
20726471817,22111,750000
20709468614,22115,100000
20705465823,22111,1550000
20728476617,22111,600000
20728476623,22111,4340000
20703464214,22111,1860000
20703464217,22113,5580000
20703464223,22111,800000
20704465018,22113,2480000
20704465018,23111,6200000
20704465026,22113,2480000
20704465029,22111,1280000
20725475829,22113,720000
20707467017,22113,450000
20713471423,22115,150000
20709468214,22113,4800000
20709468214,23111,600000
20713471414,22115,250000
20708467829,22111,1800000
20721474626,22115,500000
20803479217,22113,180000
20803479220,22113,900000
20816486817,22113,500000
20816486823,22115,80000
20809483624,22113,450000
20812485222,22113,900000
20812485226,22113,900000
20812485217,22113,1200000
20813485629,22113,600000
20806481623,22111,300000
20820489217,22111,900000
20803479629,22113,600000
20803479617,22113,3000000
20819488429,22111,800000
20808482823,22111,600000
20815486422,22113,600000
20811484817,22111,700000
20821488816,22113,600000
20805481217,22111,1000000
20816487223,22113,1500000
20816487223,22115,200000
20823490023,22111,500000
20802478023,22113,900000
20801477626,22111,800000
20821488820,22111,500000
20918497929,23111,2500000
20916495526,22111,1800000
20916496329,22113,180000
20932501919,22115,100000
20914494326,22111,1500000
20930500726,22113,2015000
20906491913,22115,150000
20904490321,23111,250000
20919498317,22115,300000
20907492323,23111,1800000
20915495129,22111,2170000
20920499129,22111,603000
20916495523,22111,1800000
20928492726,23111,300000
20930500717,22113,4340000
20935502326,22115,1000000
20937502729,22111,400000
20938503514,23111,3000000
20938503519,23111,2000000
20938503517,23111,3000000
20922499517,23111,200000
20906491921,22115,200000
20930500716,22111,1085000
21002505526,22111,900000
21005505929,22111,1800000
21017511526,22111,2100000
21019512714,22113,1600000
21019512720,22115,160000
21021506714,22111,3000000
21008507914,22111,2400000
21008507916,22111,1800000
21008507924,22111,480000
21012510329,22113,700000
21015511916,22111,1000000
21015511920,22111,2400000
21001514329,22111,450000
21002505120,22115,250000
21008507523,22111,420000
21010508716,22111,700000
21010508720,22113,2250000
21015511926,22111,2100000
21002505129,22111,2100000
21006515520,22111,360000
21006515523,22111,120000
21009508326,22113,2000000
21010509129,22111,270000
21011509529,22111,1680000
21014511121,22111,3000000
21018512329,22111,2000000
21019513113,22111,1800000
21020513913,22111,1800000
21020513926,22111,1800000
21024515922,22111,1800000
21103518029,23111,150000
21103518414,22115,100000
21103518414,23111,500000
21105519226,23111,150000
21204531029,22111,1050000
21210534326,22111,1800000
21208533414,22115,500000
21210534823,22113,3000000
21210534320,22111,2100000
21201528717,22111,500000
21201528729,22111,750000
21203529617,22111,750000
21203529621,22111,1200000
21203529626,22111,600000
21202529217,22111,1050000
21207532914,22115,200000
21207532920,22115,2000000
21205531517,22113,2170000
21206532420,22113,750000
21206531917,22111,1050000
21202529223,22111,900000
21207532926,22113,1050000
21207532926,22115,1000000
21204530620,22113,3150000
21204531017,22111,1800000
21305540423,22111,1800000
21303538017,22111,775000
21305540420,22111,1000000
21305540426,22111,2100000
21301535614,22111,1800000
21303538014,22111,1550000
21302536819,23111,900000
21302536826,22111,1550000
21303537613,22111,1860000
21301535226,22111,620000
21301535216,23111,150000
21308543617,22111,775000
21308543617,23111,400000
21308543618,22111,1007500
21308543621,22111,615000
21308543623,22111,640000
21308543626,22115,200000
21304538813,22111,400000
21305541220,22111,1860000
21305541220,23111,500000
21305541226,22111,775000
21305541229,22111,465000
21307542414,22111,600000
21302536418,22111,350000
21302536429,22111,750000
21309544816,22111,1500000
21309544817,22111,1600000
21309544822,22111,1950000
21309544823,22111,1500000
21309544826,22111,2400000
21305540016,22111,500000
21306541614,22113,1860000
21306541614,23111,500000
21306541629,22111,1705000
21306541629,23111,250000
21307542817,22111,2250000
21307542817,23111,6000000
21305540829,22111,1050000
21307543216,22113,1240000
21307543223,22111,120000
21307543229,22113,1240000
21302536823,23111,2000000
21306542020,22111,775000
21306542029,22111,930000
21308544415,22111,620000
21308544414,22113,1240000
21308544420,22113,1550000
21302536015,22111,750000
21304539623,22111,750000
21304539629,22111,2100000
21304539620,22111,350000
21306541618,22111,850000
21308544426,22115,400000
21308544426,23111,1000000
21404548829,22111,405000
21402546426,22111,750000
21401545223,22111,1500000
21401545223,23111,3000000
21404548414,22111,412500
21405549614,22111,1800000
21405549620,22111,1500000
21403547220,22111,1800000
21403547223,22111,750000
21407552014,22113,1650000
21404548420,22111,1350000
21407552023,22113,2100000
21406550820,22111,900000
21401545626,22111,1800000
21405550423,22111,1800000
21405550426,22111,1500000
21405550426,23111,700000
21407552026,22111,1050000
21409553217,22115,240000
21408552826,22111,1500000
21408552823,22111,1250000
21408552423,22111,600000
21404547614,22111,1500000
21403546820,22111,4500000
21403546820,23111,1500000
21404549217,22111,2000000
21405550017,22111,600000
21409553614,22111,1550000
21409553626,22111,1550000
21404548029,22113,3000000
21504557719,22111,1500000
21504557719,23111,1500000
21504557723,22111,1500000
21504557723,23111,2500000
21502555717,22115,250000
21508560520,22113,3000000
21509561314,22111,1200000
21510562529,23111,300000
21507560118,22111,1500000
21507560123,22113,3600000
21510562129,22113,2400000
21510562129,23111,3000000
21501554129,22111,300000
21501554129,23111,1500000
21501554126,22111,1500000
21501554123,22111,1500000
21501554120,22111,1200000
21501554120,23111,1500000
21502555329,22111,3600000
21505558929,22111,1800000
21511562922,22113,200000
21502555726,22111,1500000
21504557726,22111,1500000
21504557726,23111,2000000
21509561714,22113,2100000
21509561720,22111,1200000
21506559720,22113,3500000
21506559723,22113,1400000
21502554929,22111,1500000
21502554914,22111,2400000
21503556117,22111,3600000
21503556117,23111,5000000
21503556123,22111,1500000
21503556123,23111,2000000
21505558520,22115,200000
21511562918,22113,1800000
21501554517,22111,1800000
21501554517,23111,1500000
21503556917,22111,2100000
21510562126,22113,2400000
21505558526,22111,2100000
21505558526,23111,2000000
21506559717,23111,5000000
21502555320,22113,3000000
21505558924,22111,2100000
21504557714,23111,2000000
21505558926,22111,1800000
21505558517,22113,1800000
21505558917,22111,4200000
21603566026,22111,1200000
21608570822,22115,600000
21602564826,22113,1800000
21601564023,22111,2250000
21601564026,22113,2100000
21606569617,22113,500000
21604568017,22111,1050000
21604568023,22111,1050000
21601564014,22115,1500000
21607570029,22115,300000
21603566429,22111,1200000
21603566429,23111,800000
21605568424,22115,220000
21609571217,22111,2400000
21604567614,22111,1800000
21604567629,22111,1500000
21602565214,22113,9000
21602565223,22113,900000
21607570423,22113,3000000
21609571626,22111,2400000
21609571626,22115,400000
21609571629,22111,3000000
21609571629,22115,240000
21601564416,22113,3000000
21702576317,22113,800000
21704578317,22115,400000
21706580714,22113,1200000
21706580714,22115,500000
21706580720,22113,900000
21706580723,22113,1200000
21707581129,22115,150000
21701572717,22113,759500
21701572720,22113,1200000
21701572723,22115,200000
21701573114,22113,875000
21701573114,22115,250000
21701573123,22115,300000
21701573129,22113,2480000
21701573520,22113,1200000
21701573520,23111,1500000
21702575920,22115,300000
21702576323,22113,750000
21702576329,22113,800000
21703577129,22113,600000
21704578717,22115,300000
21701572729,22113,1627500
21701573923,22115,140000
21701574323,22113,2117500
21701574714,22115,200000
21701574720,22113,2080000
21702575123,22113,1000000
21703576714,22115,150000
21703576726,22115,200000
21703577117,22115,150000
21703577123,22115,200000
21704577917,22113,775000
21704577923,22115,150000
21704578326,22113,1200000
21704578329,22113,2220000
21704579114,22113,600000
21704579129,22113,285000
21705579514,22115,200000
21705579523,22113,800000
21701574314,22115,250000
21705579526,22115,200000
21706580316,22113,1800000
21706580716,22113,1800000
21707581126,22115,200000
21707581517,22115,250000
21707581523,22115,400000
21708581917,22111,60000
21804586923,22115,200000
21804586122,22115,500000
21810590613,21111,200000
21804586524,22113,800000
21804586115,22115,250000
21806587717,22111,840000
21803584520,22111,800000
21805587317,22111,600000
21806587726,22111,840000
21804586916,22115,800000
21802584120,22115,400000
21802584115,22115,400000
21802583326,22115,250000
21804586520,22115,200000
21802583722,22113,600000
21810591024,22111,600000
21810591020,22111,720000
21807588629,22115,250000
21806588126,22115,400000
21803585314,21111,300000
21805587326,22115,500000
21807588626,22113,1200000
21801582516,22113,1350000
21801582514,22113,2100000
21802583720,22115,200000
21802584126,22115,500000
21803584529,22111,1500000
21903592724,22113,1200000
21908597926,22113,1500000
21903593920,22111,825000
21904595516,22111,262500
21906596323,22111,540000
21904594320,22113,1800000
21904595526,22115,500000
21907597120,22111,75000
21903593121,22113,2100000
21910599921,22111,3000000
21910599926,22113,840000
21903593118,22113,4200000
21904594726,22113,600000
21904594715,22113,1650000
21904594326,22113,900000
21906596716,22113,900000
21906596720,22113,487500
21908597920,22113,1200000
21908597914,22113,450000
21906595926,22111,1500000
21901592315,22111,675000
21901592323,22111,480000
21910599526,22111,310000
21909599113,22113,3100000
21906596726,22111,500000
21906596316,22111,350000
21906596722,22113,675000
21906596729,22111,775000
22001600315,22113,100000
22003603513,22111,1500000
22001600329,22111,100000
22001600724,22115,170000
22001600723,22111,2100000
22006605926,22111,1800000
22001601123,22111,2400000
22003602329,22111,1500000
22003602322,22111,2160000
22106615814,22111,1050000
22107616626,22111,525000
22107616629,22111,1500000
22107616620,22111,1650000
22107616617,22111,1650000
22105614616,22111,1200000
22105614617,23111,650000
22101609829,22111,900000
22107616226,22111,150000
22111619920,22113,4200000
22111619929,22111,3000000
22105613418,23111,9000000
22105613420,22111,1240000
22104612229,22111,270000
22103611421,22111,750000
22108617414,22111,330000
22109618214,22113,2400000
22109618620,22113,2400000
22103611014,22111,1500000
22103611026,22111,300000
22103611029,22111,825000
22109619024,22111,1800000
22109618614,22111,1800000
22109618626,22111,1800000
22103611817,23111,1000000
22204622814,22113,2100000
22212630814,22115,300000
22205624414,22115,400000
22205624823,22113,1000000
22205624823,22115,4000000
22205625226,22115,800000
22206625623,22111,1000000
22206625623,23111,5000000
22207626417,22115,300000
22207626817,22115,400000
22210629623,22115,700000
22210629629,22113,1500000
22212630823,22115,300000
22213626017,22115,300000
22213626023,22113,2400000
22213626023,22115,600000
22303633420,22111,1800000
22302632229,22113,6000000
22301631314,22111,3000000
22301631314,22115,200000
22301631729,22113,125000
22302632217,22111,900000
22302632220,22111,1800000
22302632223,22113,2100000
22303632629,22111,1800000
22304637414,22111,1500000
22306633814,22111,2250000
22306634229,22113,2400000
22309634629,22113,3000000
22310635417,22113,3000000
22310635429,22113,600000
22310635829,22111,1500000
22313636618,22113,300000
22317638318,22113,600000
22321639516,22113,1050000
22321639523,22113,1200000
22321639529,22113,1500000
22404643429,22111,500000
22401640216,22113,360000
22406644622,22113,480000
22402641020,22113,3410000
22403642214,22113,2790000
22407645817,22111,1550000
22407645820,22115,300000
22403642226,22113,3100000
22405644220,22113,1550000
22405644214,22111,1550000
22406645420,22113,600000
22407646223,22111,775000
22407646229,22113,465000
22408646614,23111,400000
22409647418,22113,3720000
22409647419,22113,3100000
22401640229,22113,2790000
22401640617,22113,5580000
22402641014,22113,560000
22402641416,22113,1860000
22403641820,22111,1860000
22404642614,22113,1395000
22404642629,22111,1550000
22404643426,22113,1550000
22405643817,22113,1860000
22405644219,22113,3100000
22406645014,22113,1860000
22407645814,22111,1550000
22407645814,23111,1500000
22407646214,22113,1116000
22501650619,22111,900000
22501651018,22111,1200000
22501651029,22111,1500000
22501651023,22111,1650000
22501653016,22111,2100000
22501653029,22111,1050000
22501649015,22111,760000
22501652224,22111,1650000
22501652213,22111,225000
22501651823,22115,950000
22501651419,22111,300000
22501651420,22111,1800000
22501652626,22111,2400000
22501652624,22113,1330000
22501650221,23111,2200000
22501654213,22111,1800000
22501653829,22111,1500000
22501653816,22111,1125000
22601655321,22113,310000
22602657723,22111,750000
22603660523,22111,620000
22605662917,22113,2015000
22605662921,22113,2170000
22605662922,22111,1860000
22605662926,22113,2325000
22605662929,22113,2015000
22606664513,22111,500000
22606664520,22111,600000
22602658117,22111,3100000
22602658129,22113,1550000
22601654926,22111,1500000
22601654923,22111,400000
22601656117,22113,800000
22601656129,22111,1500000
22603659320,22113,60000
22604661729,22111,1350000
22604661720,22111,2100000
22606663722,22111,775000
22603660926,22111,2480000
22601655729,22111,1350000
22604662123,22111,1500000
22603658526,22111,1550000
22603658529,22111,2790000
22603660124,22113,300000
22603660117,22113,1705000
22603660114,22111,300000
22602656919,22111,1350000
22602656917,22113,200000
22605663314,22113,1860000
22602657320,22113,640000
22603658929,22111,1550000
22603658926,22111,775000
22603658915,22111,1240000
22604661329,22113,2700000
22604661313,22113,2100000
22706670014,22113,1500000
22706670029,22111,750000
22706670026,22113,1500000
22706669214,23111,1000000
22713675229,23111,2500000
22713675226,23111,1500000
22713675217,23111,2500000
22709672817,23111,4500000
22705668426,22111,1800000
22705668426,23111,1000000
22709672423,22113,1240000
22704667126,23111,4000000
22704667117,22115,400000
22704667117,23111,2500000
22711674014,23111,2100000
22703666326,23111,1500000
22703666329,23111,60000
22701665123,22113,1550000
22701665126,22113,2480000
22701665126,23111,2500000
22701665129,22113,2557500
22702665529,23111,1000000
22706668820,23111,500000
22706668826,23111,600000
22705668014,22111,1200000
22712674429,23111,500000
22705667526,22113,1050000
22703665914,23111,3000000
22712674820,23111,3000000
22709672829,22113,375000
22802678920,23111,900000
22805682920,23111,2000000
22805682926,22113,2000000
22805683319,23111,3500000
22806684529,23111,2000000
22806684929,22113,1200000
22806684924,22113,1400000
22802679316,23111,4500000
22802678913,23111,600000
22802678529,22111,200000
22802678529,23111,5000000
22802679723,23111,3000000
22804682123,23111,3000000
22906695423,22113,1200000
23006708429,22111,150000
23003706023,22113,1350000
23001700423,22111,1050000
23002702814,22111,600000
23002702422,22111,1200000
23002703219,22113,1950000
23001700023,22113,1800000
23002702415,22113,1500000
23002702421,22113,375000
23002702426,22111,1000000
23002703226,22113,2100000
23002703615,22111,4800000
23002704017,22113,2400000
23003705617,22113,1800000
23003705620,22113,750000
23003706029,22113,250000
23003706415,22111,1000000
23004705223,22111,1500000
23002702824,22111,125000
23003705623,22113,2400000
23003706420,22113,1500000
23005707617,22111,1125000
23005707623,22111,900000
23006708026,22111,750000
23006709629,22113,525000
23005707629,22111,900000
23006709216,22113,150000
20006390017,22113,1200000
20004387623,22111,2100000
20010393615,22111,1080000
20006390015,22113,3000000
20007391220,22113,960000
20007391220,23111,5000000
20007391229,22113,1500000
20013397215,22111,2015000
20013397229,22111,1600000
20013397223,22111,450000
20006390026,22113,2100000
20011394829,22113,2100000
20011395229,22113,2100000
20003386820,22111,900000
20003386816,22111,2100000
20011395217,22113,2700000
20004388014,22111,675000
20011395216,22113,2250000
20004388023,22111,250000
20007392020,22111,1800000
20006389613,22111,200000
20013398017,22111,1050000
20007392029,22113,1500000
20012395629,22113,675000
20006390816,22113,280000
20006390829,22113,4500000
20006390829,23111,5000000
20006390826,22111,1500000
20009393215,22111,600000
20004387224,22113,100000
20013398026,22111,900000
20004387226,22113,2400000
20004387226,23111,2000000
20006389616,22111,840000
20004387214,22113,3000000
20006389629,22111,360000
20012396819,22113,160000
20001384819,22111,480000
20002386414,22111,3150000
20003386829,22111,1200000
20006390029,22113,2250000
20001384423,22111,600000
20013397620,22111,4200000
20007392420,22113,560000
20012396026,22111,900000
20003386814,22111,900000
20009392821,22111,2250000
20001385624,22111,480000
20001385629,22113,3000000
20012396029,22111,1500000
20007391226,22113,1500000
20101398114,22111,500000
20104399420,22111,1500000
20114404929,22111,600000
20104399426,22113,5100000
20111403420,22111,800000
20115405317,22111,600000
20109402614,22111,1200000
20109402629,22111,2400000
20105399915,22111,600000
20116405715,22111,450000
20116405722,22111,1125000
20112404417,22111,450000
20112404426,22111,1200000
20112404426,23111,1000000
20107401717,22111,360000
20112404419,22111,1050000
20103399026,22111,1200000
20102398529,22111,1000000
20110403018,22111,630000
20110403019,22111,600000
20110403026,22111,1050000
20111403829,22111,2400000
20201406120,22113,1800000
20201406126,22113,1440000
20219413320,22113,1050000
20219413323,22113,3900000
20219413326,22111,1500000
20202407326,22111,2700000
20207409717,22113,3300000
20207409723,23111,10000000
20226416129,22111,90000
20216412514,22111,1800000
20216412514,23111,2500000
20216412520,23111,3000000
20228416529,22113,100000
20223414914,22111,1500000
20223414914,23111,2000000
20215411726,22115,400000
20206408917,22111,1280000
20206408917,22115,1080000
20206408926,22111,250000
20215412117,22111,1050000
20215412122,22111,1000000
20221414117,22113,2400000
20224415318,22111,400000
20202406917,22111,1800000
20202406920,22113,3000000
20202406920,23111,5000000
20225415714,22111,1650000
20201406514,22113,350000
20214411320,21111,800000
20214411320,22111,450000
20214411323,21111,1600000
20214411323,22111,2100000
20202407714,22111,1800000
20202407717,22115,300000
20208410116,22111,60000
20208410117,22113,440000
20218412920,22113,2500000
20218412926,22115,640000
20221414114,22111,4800000
20321425329,22113,2400000
20321425317,22113,480000
20321425318,22113,97500
20306419314,22113,1200000
20306419323,22113,1050000
20326427729,22113,2100000
20319424129,22111,1500000
20319424119,22113,1950000
20319424126,22113,1050000
20302416917,22113,100000
20302416929,22113,2100000
20320424518,22113,450000
20320424517,22113,1350000
20312422115,22113,1200000
20312422116,22113,1500000
20303417323,22113,4800000
20303417317,22113,2400000
20303417320,22113,2700000
20320424926,22113,1500000
20307420114,22113,225000
20307420126,22113,60000
20322426114,22113,1350000
20322426129,22113,2400000
20310420926,22113,2100000
20310420921,22113,1500000
20310420929,22113,2400000
20325426917,22113,500000
20306418913,22113,1200000
20306418929,22113,4000000
20325427322,22113,3000000
20306418920,22113,1200000
20306418920,23111,3000000
20316423718,22113,1200000
20303417720,22113,4800000
20303417720,23111,500000
20306418926,22113,600000
20316423726,22113,750000
20311421320,22113,2400000
20306418923,22113,2250000
20320424915,22113,2400000
20322426126,22113,135000
20307420123,22113,1200000
20303417717,22113,1350000
20314423321,22113,900000
20325426920,22113,2400000
20307419717,22113,750000
20303417329,22113,1200000
20312422123,22115,800000
20314422920,22113,2400000
20319424114,22111,1575000
20322426120,22113,225000
20302416915,22113,600000
20407433620,22111,2550000
20401429218,22115,3000000
20405432424,22111,1050000
20405432417,22111,2400000
20404431214,22111,1800000
20410435620,22113,1500000
20416438829,22111,600000
20416438817,22113,2500000
20416438815,22111,800000
20413437614,22111,4000000
20406432829,22111,2100000
20405432020,22113,1000000
20408434029,22111,2550000
20406432820,22111,2550000
20406432823,22111,1200000
20406432823,22115,1250000
20404431223,22111,750000
20402429626,22111,2000000
20401428429,22111,2000000
20401428826,22111,750000
20401428815,22111,1125000
20401428829,22111,2400000
20401428820,22111,480000
20402430017,22111,3600000
20415438426,22111,1800000
20415438414,22111,1350000
20415438418,22111,300000
20406432826,22111,1200000
20511448520,22111,2000000
20504443829,22113,900000
20507445723,22113,1200000
20511448526,22115,500000
20505444226,22113,2100000
20510448123,22113,1500000
20512449614,22113,1200000
20506445026,22113,1500000
20507445319,22113,1200000
20501440514,22111,2400000
20501439714,22111,1125000
20502440920,22113,1500000
20511448914,22111,3000000
20502441720,22113,3000000
20504443322,22113,1250000
20503442926,22113,2400000
20503442914,22113,2100000
20512449826,22113,1800000
20512449729,22113,1800000
20508446522,22111,1800000
20512449517,22111,2100000
20514450714,22115,500000
20505444217,23111,3000000
20506445213,22113,2100000
20509446917,22113,1225000
20505444629,22113,2100000
20511448926,22111,1000000
20504443617,22113,2700000
20502441729,22113,3000000
20506445229,22113,1650000
20506445214,22113,2100000
20505444620,22113,2250000
20507445720,22113,750000
20501439723,22115,1200000
20501440126,22111,800000
20502440913,22113,2400000
20502441314,22115,500000
20504443420,22113,3600000
20511448917,22111,1000000
20511448917,22115,600000
20507445321,22113,2100000
20512449520,22111,900000
20506445029,22113,3000000
20514451117,22113,1500000
20514451120,22113,600000
20514451126,22113,3000000
20504443114,22111,3600000
20512449421,22113,2000000
20504443515,22113,2250000
20507445715,22113,3600000
20623456614,22113,2450000
20623456619,22113,1800000
20601451823,22113,1500000
20615460214,22113,2100000
20606454220,22113,1200000
20603453022,22113,6000000
20608455821,22111,1800000
20608455816,22113,360000
20616460629,22115,1000000
20614459423,22113,2400000
20614459420,22113,1800000
20614459414,22113,1750000
20614459429,22113,2400000
20614459026,22113,2500000
20604453417,22113,3600000
20614459020,22113,3000000
20602452220,22111,3600000
20602452218,22111,480000
20610457029,22115,400000
20610457026,22113,1200000
20611457426,22115,1500000
20611457417,22113,1500000
20615459819,22113,2100000
20601451429,22113,1800000
20612458629,22113,1200000
20619461015,22113,1500000
20603452614,22113,1200000
20627463413,22113,2400000
20624462226,22113,300000
20624462214,22113,1650000
20702463914,22111,700000
20708467914,22111,2100000
20708467914,23111,4000000
20707466718,22111,2480000
20703464320,22113,1650000
20712471120,22111,900000
20715472716,22115,500000
20713471520,22113,1800000
20708467917,22111,2400000
20729477120,22111,1800000
20726471917,22115,300000
20728476314,22113,12000000
20722468720,22115,700000
20722468723,22113,2400000
20723475517,22113,1500000
20716473118,22113,1500000
20712470317,22111,1050000
20712470317,22115,600000
20712470320,22111,600000
20712470322,22113,2400000
20712470322,22115,800000
20712470714,22111,1050000
20712470714,22115,450000
20724475123,23111,2000000
20720474320,23111,2000000
20821488926,22115,80000
20802478114,22115,80000
20802478120,22115,80000
20806481714,22115,300000
20806481721,22115,600000
20805480923,22115,300000
20819488520,22115,80000
20813485722,22115,70000
20813485715,22113,300000
20816486917,22113,600000
20823489714,22111,800000
20817487329,22111,75000
20816486923,22113,600000
20802478526,22115,80000
20804480120,22115,300000
20804480114,22115,200000
20804480117,22115,300000
20802478129,22115,80000
20808482923,22111,80000
20808482926,22111,70000
20808482917,22111,80000
20808483314,22113,240000
20805481324,22115,200000
20804480521,22115,200000
20812485329,22113,600000
20812485323,22115,120000
20817487722,22115,80000
20808483317,22111,180000
20906491626,22115,100000
20919498421,22111,375000
20919498420,22113,2250000
20934503620,22111,675000
20905491229,22115,200000
20907492417,23111,2000000
20907492420,23111,6000000
20935502423,22115,160000
20934503617,22111,825000
20923500015,22113,1125000
20918498017,22111,750000
20932501620,22111,1200000
20905490826,22111,300000
20913493614,23111,4000000
20913493623,23111,6000000
20918498026,23111,10000000
20919498820,22115,400000
20919498823,22115,200000
20929501223,22113,750000
20935502417,22113,2400000
20935502417,23111,4000000
20936504017,23111,8000000
20918498014,23111,5000000
20905490823,22113,1125000
20905491214,22111,1350000
20905491217,22111,2250000
20913494026,22111,1200000
20913494026,23111,6000000
20918498023,23111,5000000
20935502420,22115,360000
20936504014,23111,2600000
20906491623,22115,100000
21012510029,22115,700000
21015512029,22111,840000
21009508013,22111,2100000
21001514021,22111,1500000
21012510020,22113,1200000
21019512817,22111,2400000
21019512820,22111,200000
21019513220,22111,1350000
21008507229,22113,1500000
21013514823,22113,450000
21014510819,22111,2700000
21022514429,22111,3600000
21002504814,22111,1200000
21002505229,22111,600000
21005506029,22111,2100000
21005506423,22111,2400000
21005506429,22111,600000
21008507226,22113,900000
21008507620,22113,1200000
21018512417,22111,1050000
21009508426,22111,200000
21006515626,22111,225000
21008506826,22113,2250000
21009508026,22111,1800000
21009508420,22111,3000000
21009508429,22111,2100000
21010508824,22111,1800000
21010508826,22111,1200000
21014510826,22111,360000
21017511217,22113,3000000
21017511629,22113,3600000
21020513614,22111,300000
21017511620,22113,600000
21017511626,22113,3000000
21020513616,22111,1500000
21020513629,22111,375000
21022514414,22111,2475000
21108522117,22115,200000
21103518114,23111,150000
21117527320,22115,500000
21117527320,23111,300000
21117527326,23111,200000
21117527329,23111,50000
21101516519,22115,150000
21101516514,23111,500000
21103518522,22115,300000
21105519317,23111,100000
21103518514,23111,200000
21207533029,22111,3600000
21207533014,22111,1800000
21207533017,22111,600000
21204530721,22113,2400000
21202529320,22111,2700000
21204531114,22111,1500000
21204531126,22111,1500000
21203529722,22111,1200000
21203529717,22113,750000
21207532521,22113,1200000
21207532517,22113,2400000
21203530214,22113,1000000
21204531129,22111,3000000
21210534420,22113,2100000
21209534017,22113,600000
21202529326,22113,1050000
21205531629,22113,1800000
21205531629,23111,3000000
21208533526,22111,1800000
21208533523,22111,2400000
21204530726,22113,4800000
21204530723,22113,4200000
21306541320,22111,975000
21301534919,23111,1000000
21301534920,22113,2100000
21301534920,23111,2000000
21306541726,22111,1500000
21305540122,23111,2000000
21301535323,22111,450000
21308543320,22113,1650000
21303537713,22113,1200000
21307542516,22113,2400000
21307542516,23111,1000000
21307542517,22113,1800000
21309544924,22111,600000
21305540526,22113,1500000
21307542926,22113,750000
21304539318,22111,70000
21304539320,22111,1350000
21304539329,22111,1950000
21305540516,22113,1500000
21302536129,22111,2100000
21302536126,22111,3600000
21302536126,23111,3000000
21308543715,22111,1800000
21301534929,22113,640000
21305540917,22113,1200000
21305540917,23111,2000000
21303538514,22113,1200000
21303538524,22113,1350000
21303537316,22111,2100000
21304539721,22111,1800000
21306542126,23111,2400000
21302536914,22113,1200000
21306542123,22111,270000
21306541720,22113,1800000
21302536120,22111,15000
21301535726,22113,1687500
21405550129,22111,750000
21403546926,22113,2400000
21409553323,22111,2100000
21409553317,22111,2100000
21402546115,22111,4200000
21402546117,22111,4200000
21402546117,23111,1500000
21404548117,22111,1500000
21409553326,22111,1050000
21403546920,22111,2400000
21403547323,22113,2400000
21407551723,22111,2000000
21401545319,22111,1800000
21403547329,22111,2400000
21404548523,22111,1650000
21408552517,22111,4500000
21402546520,22111,1800000
21402546523,22111,750000
21402546523,23111,2000000
21406550520,22111,1500000
21406551320,22111,500000
21409553717,22111,3000000
21407551717,23111,1400000
21408552514,22111,3000000
21405549723,22111,900000
21401545314,22111,2100000
21404548926,22113,2400000
21404548929,22111,825000
21404548929,23111,2500000
21404549317,22111,1500000
21404547723,22111,1650000
21404547723,23111,2000000
21404547729,22111,450000
21407552117,22111,1500000
21401545323,22111,1650000
21402546514,22111,1500000
21403546914,22111,2100000
21405550120,22111,1500000
21406550514,22111,750000
21402546123,22111,2100000
21402546129,22111,1050000
21506559829,22115,1000000
21506559824,23111,1500000
21506559817,22113,900000
21502555019,22111,1050000
21504557429,23111,2500000
21504557420,22111,3000000
21503556623,22111,2100000
21503556623,23111,3000000
21501554223,22111,3000000
21509561423,22111,1500000
21509561829,22113,4500000
21506559426,22113,1600000
21506559426,23111,5000000
21504557823,22111,1800000
21504557826,22111,600000
21504557817,22111,2100000
21505558629,22111,2400000
21505558629,23111,5000000
21505558620,22111,2400000
21507560217,22111,900000
21508561026,22113,1200000
21504557415,22111,4200000
21502555417,22111,560000
21503556614,22111,750000
21509561415,22111,2400000
21509561415,23111,4000000
21511563021,22113,3000000
21511563023,22113,2000000
21501553821,23111,3500000
21503555823,22113,2400000
21502554620,22111,1500000
21502554629,22111,3600000
21502554626,22111,1800000
21506559429,22113,2800000
21506559429,23111,10000000
21506559417,22111,1200000
21506559417,23111,2000000
21506559414,22113,900000
21501553824,22111,350000
21501553824,23111,1000000
21607569723,22113,450000
21608570917,22115,290000
21601564129,22113,5400000
21604567317,22111,1800000
21604567314,22113,2700000
21604567326,22113,720000
21603566129,22111,1500000
21604567729,22115,1000000
21604567726,22111,3000000
21604567323,22113,2100000
21607570123,22111,750000
21607570126,22111,900000
21607570517,22113,5400000
21602565314,22113,800000
21606569320,22113,800000
21606569329,22113,1200000
21602565326,22113,1200000
21602564929,22113,1200000
21610572126,22113,400000
21606569326,22113,1200000
21606569323,22113,800000
21701573217,22113,270000
21702575616,22113,450000
21705579229,22115,200000
21701572820,22113,2520000
21702575220,22113,500000
21702575220,23111,800000
21702575620,22113,1000000
21702575620,23111,1000000
21701572829,22115,400000
21701574014,22113,3150000
21701574023,22115,200000
21701574417,22113,480000
21701574420,22113,1200000
21701574829,22113,2240000
21702575229,22113,840000
21702576023,22113,900000
21702576029,22113,250000
21703576820,22113,750000
21703576826,22115,300000
21703576829,22113,900000
21704578423,22111,1920000
21705579220,22113,750000
21706580817,22113,1200000
21707581214,22115,350000
21703577617,22113,750000
21703577623,22113,1000000
21703577626,22113,900000
21703577629,22113,1500000
21704578014,22113,1015000
21704578414,22113,2160000
21704578420,22113,120000
21704578817,22113,2310000
21705579629,22113,600000
21705580020,22115,200000
21705580029,22115,200000
21707581617,22115,150000
21708582014,22113,2295000
21803585029,22111,2400000
21806587814,22111,2700000
21810590716,21111,300000
21802583426,22115,500000
21803585420,22111,2400000
21803585419,22111,1200000
21803585026,22111,1800000
21804586614,22115,700000
21804586619,22111,600000
21804586620,22115,600000
21802583816,22113,2700000
21804586219,22115,700000
21804586229,22115,800000
21805587013,22115,1250000
21805587023,22111,287000
21808589520,22113,1000000
21810591526,22111,1800000
21805587020,22115,500000
21806587823,22111,2000000
21808589117,22115,200000
21803585426,22111,3000000
21807588226,22115,300000
21802584213,22115,600000
21807588229,22115,400000
21804586226,22115,300000
21808589529,22115,850000
21808589518,22115,700000
21901591618,22113,450000
21908598416,22111,1200000
21908598417,22111,1350000
21903592829,23111,1500000
21903592817,22111,375000
21904595623,22111,750000
21904595629,22111,450000
21904595614,22111,180000
21901592414,22111,900000
21904594816,22111,1050000
21904594824,22111,2100000
21901592022,22111,26000
21903593614,22111,1125000
21910600013,22113,2550000
21910600029,22113,600000
21910600018,22113,850000
21903592824,22111,375000
21907597214,22111,400000
21910599621,22111,1200000
21910599616,22111,900000
22001600417,22113,2100000
22001600423,22111,1500000
22003602414,22111,1500000
22003602421,22111,2100000
22003602418,22111,2100000
22003604029,22111,2100000
22001600826,22111,2100000
22007607221,22113,2100000
22007607226,22111,1500000
22003602815,22111,630000
22101609114,22111,200000
22101609129,22111,1200000
22106615922,22113,700000
22106615929,22111,1650000
22107616715,23111,2000000
22107616723,22111,3600000
22107616726,22115,200000
22105613920,22111,825000
22105613923,23111,500000
22105614320,22113,825000
22105614720,22111,825000
22105614729,22111,1650000
22108617123,22111,1350000
22108617129,22111,1650000
22109619113,22111,1800000
22109619115,22113,2400000
22108617914,22111,1650000
22108617916,22111,825000
22104612315,22111,210000
22108617923,22111,1650000
22104612722,22111,280000
22104612720,22113,210000
22108617523,22111,1650000
22108617526,22111,2475000
22103611923,22113,2040000
22111619216,22111,900000
22111619226,22111,1800000
22103611129,22111,1950000
22107616318,22113,2700000
22107616324,22115,100000
22104612320,22111,480000
22111619626,22113,300000
22105613929,22111,1650000
22102610321,22111,2250000
22102610321,23111,1000000
22104612726,22111,490000
22213626123,22115,300000
22206625323,22115,400000
22206625329,22115,3000000
22202621326,22115,300000
22212630917,22115,500000
22205623726,22115,150000
22210629323,22113,2700000
22212630929,22115,500000
22212630926,22115,600000
22212630926,23111,1500000
22205624517,22115,1000000
22204623329,22113,1800000
22207626529,22115,300000
22207626926,22115,350000
22207626920,22115,400000
22213626129,22115,400000
22206625726,22115,1500000
22210629329,23111,1500000
22206625314,22115,300000
22206625317,22115,700000
22206625320,22115,600000
22321639615,22111,900000
22313637126,22113,1500000
22301631829,22113,600000
22306633916,22113,1650000
22309634718,22111,3600000
22310635513,22111,3000000
22310635513,23111,1000000
22312635929,22111,2100000
22317638420,22111,3000000
22319638820,22113,2550000
22320632326,22113,1050000
22321639620,22113,600000
22321639629,22113,3000000
22317638026,22113,3000000
22320632324,22113,2100000
22312635919,22113,500000
22301631423,22113,1500000
22301631815,22111,3000000
22303633119,22111,2100000
22403641926,22113,2400000
22405643917,22113,2100000
22405643923,22111,3600000
22405643929,22111,900000
22405644326,22113,2100000
22401639917,22111,750000
22401640320,22113,1050000
22402641523,22113,2100000
22404643116,22111,1500000
22404643514,22111,1800000
22404643517,22111,1800000
22405644329,22113,1800000
22406645114,22113,1500000
22406645124,22113,2700000
22406645126,22113,2400000
22406645517,22113,2400000
22406645518,22113,800000
22407645914,22111,1500000
22408646717,22113,2700000
22408646720,22113,2100000
22408646729,22113,2700000
22409647129,22111,1500000
22409647516,22113,1650000
22409647521,22111,1400000
22409647521,23111,7000000
22409647523,22115,200000
22501653129,23111,1500000
22501649524,22111,1560000
22501651116,22111,750000
22501652319,22111,1050000
22501652320,22111,1500000
22501648314,23111,3500000
22501650319,22111,1800000
22501650320,22111,900000
22501649515,22111,525000
22501649922,22111,1800000
22501650723,22111,2100000
22501650729,22111,975000
22501650326,22111,1350000
22501653922,22111,456000
22501653926,22111,1500000
22501652726,22111,1800000
22501648729,22111,1200000
22501653929,22111,2100000
22501652729,22111,3000000
22501651926,22111,1800000
22501653113,22111,1500000
22501653118,22111,1200000
22501653126,22111,850000
22501654319,22111,1200000
22602657826,22113,390000
22601655420,22111,1500000
22602656617,22111,1500000
22602656620,22111,1500000
22603659023,22113,3000000
22603659023,23111,2000000
22603660229,22111,1350000
22604661420,22113,1800000
22604661423,22113,1200000
22606663813,22113,2400000
22606663826,22113,2400000
22601656216,22113,2550000
22601656217,22113,2400000
22601656223,22113,2100000
22601656223,23111,3700000
22603659421,22113,4800000
22604661816,22111,1500000
22606664214,22113,3600000
22606664213,22111,750000
22603659422,22111,3000000
22603659426,22111,3100000
22605663020,22115,210000
22601654622,22113,1800000
22601654622,23111,4000000
22601654615,22111,1500000
22602658213,22111,1500000
22602657426,22111,2100000
22602657423,22111,1500000
22602657423,23111,3000000
22606664617,22111,1050000
22605662620,22113,540000
22601655029,22113,1125000
22601655026,22113,1500000
22605663426,22111,1500000
22606664619,22113,1500000
22602657026,22113,2100000
22602657026,23111,1000000
22603658629,23111,3000000
22602657014,22113,2400000
22602657017,22111,1500000
22603660620,22113,900000
22603660621,22113,1050000
22603660614,22113,900000
22603660629,22113,2250000
22603660626,22113,1050000
22604662216,22113,140000
22705668514,22113,2700000
22710673329,22115,2500000
22710673320,22113,750000
22710673314,22113,90000
22710673314,23111,3000000
22711673720,22113,1500000
22711673720,23111,1200000
22711673713,22113,300000
22709672526,22113,2400000
22709672526,23111,1500000
22711674123,22113,157500
22711674121,23111,3000000
22710673323,23111,280000
22704667220,22111,1350000
22711674126,22113,900000
22711674126,23111,2700000
22701665220,22113,2250000
22703666429,22115,250000
22713675726,23111,3000000
22707670920,22113,240000
22707670926,22113,2100000
22806685414,22111,1500000
22801677814,23111,20000000
22808687024,23111,5000000
22802678620,22111,1800000
22804682214,23111,4500000
22806685426,22111,2000000
22808686623,23111,3000000
22806684223,22111,1000000
23006709723,22111,1200000
23001700515,22113,1050000
23005707729,22113,2400000
23002704529,22111,1200000
23003705726,22111,750000
23003705729,22111,750000
23003706129,22113,2100000
23003706520,22115,500000
23003706922,22111,1350000
23006708114,22111,1800000
23006708514,22111,1500000
23006708520,22113,3600000
23006708923,22113,600000
23006709713,22113,360000
23001700913,22111,750000
23003706123,23111,4000000
23003705718,22111,1500000
23003706117,22113,2100000
23001700117,22113,630000
23001700129,22113,540000
23001700513,22113,1400000
23001700926,22111,1500000
23001701320,22111,1500000
23001701323,22111,900000
23001701329,22111,900000
23001701717,22111,750000
23002702114,22111,1500000
23002702115,22111,500000
23002702120,22111,1500000
23002703326,22111,750000
23002704129,22111,2400000
23002702523,22113,1050000
20004387718,22113,1020000
20004387724,22111,600000
20004387714,22111,1680000
20001384129,22113,2400000
20006390113,22111,2400000
20010394126,22111,600000
20007391323,22111,3600000
20006390122,22113,1050000
20006390129,22113,4500000
20006390129,23111,5000000
20007392513,22111,1800000
20007392526,22113,2400000
20013397718,22111,1500000
20012396522,22111,450000
20005388929,22111,1800000
20011395329,22111,600000
20011395323,22111,2400000
20011395318,22111,1350000
20007391317,22111,2400000
20001384126,22113,7500000
20009392920,22111,2100000
20009392923,22111,3000000
20009392913,22111,1500000
20012395719,22111,4200000
20012395719,23111,4000000
20003386920,22111,1800000
20006390517,22111,2250000
20012395713,22111,3300000
20009392914,22111,10800000
20009392914,23111,3000000
20009393321,22111,2700000
20006389321,22111,1500000
20006389726,22113,675000
20001385720,22111,6000000
20001385720,23111,3000000
20001385721,22111,3000000
20006390529,22113,3000000
20003386926,22111,600000
20003386529,22113,660000
20007392123,22111,2100000
20002386129,22113,1740000
20002386129,23111,1500000
20012396120,22111,600000
20004388526,22113,495000
20011394924,22111,3000000
20004388523,23111,100000
20012396117,22111,3600000
20002386120,22111,1800000
20007390920,22111,600000
20006389713,22111,1800000
20011394926,22111,1800000
20007390926,22113,2200000
20011394914,22111,2100000
20002386118,22111,750000
20010393722,22111,360000
20010394118,22111,1350000
20013397313,22111,1500000
20001384926,22113,480000
20001384917,22113,600000
20004387329,22113,1900000
20004387722,22111,1050000
20006389721,22111,6750000
20007391329,22113,2400000
20010393729,22113,1050000
20011394517,22113,2100000
20006390520,22113,2100000
20006390524,22113,1800000
20107401314,22111,500000
20107401316,22111,240000
20107401324,22111,2000000
20107401820,22111,1440000
20112404114,22111,180000
20104399522,22111,420000
20115405417,22111,1260000
20113404520,22111,1250000
20109402717,22115,450000
20105400517,22111,1000000
20106400926,22111,2400000
20115405418,22111,1200000
20105400026,22111,560000
20105400024,22111,1200000
20103399120,22111,350000
20108402220,22111,1200000
20103399117,22111,600000
20111403513,22111,1200000
20219413417,22111,1800000
20219413420,22111,2400000
20207409817,22113,400000
20205408617,22113,1470000
20205408620,22113,840000
20216412213,22111,975000
20216412213,23111,3000000
20216412220,22113,4800000
20216412226,22113,2100000
20216412229,22113,1860000
20206409023,22111,1020000
20205408623,22111,495000
20207409429,22111,1200000
20215411817,22111,2700000
20201406620,22111,750000
20227416213,22113,4500000
20207409423,22111,1200000
20218413017,22115,320000
20225415826,22111,2475000
20208410226,23111,3000000
20214411414,22115,640000
20214411423,22115,320000
20208410217,23111,1500000
20323426220,22113,1050000
20313422623,22113,360000
20307420229,22113,6000000
20307420223,22113,1440000
20302416626,22113,1200000
20306419423,22113,1800000
20310421023,22113,3150000
20312421816,22113,1000000
20320425017,22113,1050000
20306419026,22113,1200000
20323426217,22113,105000
20313422626,22113,270000
20303417814,22113,2000000
20306419413,22113,120000
20306419415,22113,1200000
20302417016,22113,3600000
20302417018,22113,3600000
20302417026,22113,1200000
20302417021,22113,1050000
20326427818,22113,1200000
20314423426,22113,1050000
20314423429,22111,350000
20323426229,22113,105000
20313422223,22113,1500000
20313422214,22113,2400000
20325427020,22113,600000
20325427016,22113,1350000
20303417429,22113,2100000
20306419429,22115,3000000
20325427017,22113,600000
20311421429,22113,180000
20414437717,22111,750000
20414437720,22111,1350000
20414437726,22111,3600000
20409435329,22111,3000000
20416438921,22111,540000
20416438926,22111,375000
20416438926,23111,3000000
20414437714,22111,360000
20401428117,22111,6000000
20409435326,22111,2000000
20409435320,22111,2000000
20405432126,22111,1200000
20405432126,22115,3000000
20417439322,22111,450000
20417439329,22111,1800000
20417439314,22111,2100000
20410435714,22113,1000000
20412436917,22111,1500000
20408434529,22111,2000000
20401428917,22111,1950000
20404431326,22113,1500000
20402429723,22113,2500000
20411436520,22113,5000000
20411436523,22113,5000000
20406432917,22111,9000000
20406432920,22111,3000000
20406432914,22111,4800000
20401429329,22113,5000000
20405431726,22113,4500000
20401428520,22113,4500000
20401428529,22111,1500000
20403430929,22111,1800000
20403430914,22111,2400000
20408434123,22113,3000000
20408434114,22113,3000000
20403430923,22111,1500000
20401428515,22111,1200000
20415438529,22111,2400000
20415438517,22113,2850000
20403430120,22111,2250000
20403430129,22111,1800000
20407433320,22113,3000000
20415438121,22111,1800000
20413437320,22111,900000
20401428129,22111,5000000
20409434926,22111,1500000
20409435323,22111,3000000
20508446220,22113,600000
20507445829,22113,1500000
20507445829,23111,5000000
20513450019,22111,2400000
20513450019,23111,2000000
20510448214,22111,250000
20502441023,22111,1050000
20511448616,22113,2400000
20501440224,22113,2700000
20503442620,22113,1400000
20513450017,22111,1400000
20501439823,22111,1200000
20502441014,22111,1200000
20511449013,22111,2400000
20511449013,23111,6000000
20507445416,22113,2400000
20507445416,23111,3000000
20507445423,22113,900000
20502441820,22111,1200000
20507445414,22113,3000000
20510447814,22113,2400000
20507445420,22113,3600000
20507445420,23111,3000000
20505444317,22113,250000
20505444329,22113,250000
20513450429,22111,1800000
20514451229,22111,2100000
20514451219,22113,3150000
20513450421,22111,1800000
20507445815,22113,700000
20513450026,22111,2400000
20513450026,23111,1500000
20503443017,22115,3000000
20503442617,22113,1200000
20503442623,22113,2700000
20508446226,22113,2400000
20502441813,23111,7000000
20508446620,22111,2400000
20502440626,22113,2400000
20513450417,22111,500000
20514451226,22113,3000000
20510448220,22111,1250000
20503442629,22113,2500000
20619460726,22113,1000000
20619460714,23111,4000000
20624462322,22113,1500000
20627463129,22113,3300000
20601451517,22113,2250000
20601451520,22113,1500000
20605453921,22113,1500000
20612458329,22115,700000
20603452726,22113,3600000
20603452715,22113,2400000
20607455129,22113,1500000
20611457920,22111,1000000
20611457915,22113,1800000
20610457115,22113,2400000
20610457123,22113,2400000
20603453123,22113,2400000
20603453126,22113,1500000
20602451929,22113,2400000
20612458726,22111,1500000
20612458322,22111,1500000
20608455920,22111,1800000
20604453513,22111,2400000
20604453529,22111,1500000
20606454717,22113,3000000
20606454729,22113,2000000
20606454720,22113,1800000
20707466829,22113,1800000
20708468026,22111,500000
20706466414,22113,1200000
20711470026,22111,4800000
20728476829,22111,1650000
20707466826,22111,1500000
20728476820,22113,3375000
20719474014,22111,1500000
20714472426,22113,360000
20714472423,22113,2100000
20729477220,22113,2100000
20712471217,22115,750000
20714472413,23111,600000
20812485023,22113,300000
20806481829,22115,300000
20808482618,22111,90000
20808482626,22113,180000
20803479420,22113,600000
20806481424,22115,300000
20806481414,22115,200000
20806481429,22115,250000
20816487026,22113,800000
20816487029,22113,800000
20802478226,22115,180000
20819488626,22115,200000
20819488618,22115,240000
20819488615,22115,180000
20801477824,22113,4800000
20808483429,22113,120000
20807482229,22115,300000
20807482214,22115,200000
20804479824,22115,200000
20804479826,22115,300000
20820489422,22115,300000
20810484220,22113,1500000
20823489826,22113,1200000
20823489823,22113,800000
20802478619,22115,180000
20802478614,22115,170000
20813485814,22111,2400000
20817487820,22115,160000
20817487826,22115,170000
20821489026,22115,170000
20803479023,22113,1200000
20803479017,22111,1600000
20804480217,22115,250000
20811484614,22111,250000
20811484626,22111,250000
20804480223,22115,300000
20811484629,22111,250000
20905490920,22111,1500000
20913493726,22111,1200000
20913493726,23111,4000000
20916495317,22111,2400000
20916495714,22111,900000
20919498514,23111,6000000
20919498520,22115,500000
20927502120,22115,250000
20929500917,22111,135000
20929500929,22111,1350000
20932501729,22115,150000
20904490126,22115,100000
20904490129,22111,700000
20904490129,22115,200000
20908493320,23111,2000000
20938503326,22111,2400000
20938503317,22111,2400000
20938503329,22111,2400000
20918497714,23111,2000000
20918497716,22111,1500000
20918497729,22115,250000
20914494514,22111,3000000
20914494516,22111,1800000
20914494516,23111,6000000
20916496126,22111,1800000
20920499329,22111,300000
20916496526,22115,50000
20916496524,22111,1800000
20920499320,22111,750000
21001514126,22113,1500000
21001514129,22111,2400000
21004515319,22111,320000
21009508117,22113,900000
21009508123,22113,700000
21009508123,22115,200000
21009508129,22113,200000
21010508521,22111,1500000
21017511724,22111,2100000
21022514515,22113,2000000
21022514517,22111,2340000
21005506123,22113,3600000
21005506126,22111,750000
21005506129,22111,2400000
21014510923,22111,216000
21008506926,22113,1000000
21017511713,22111,500000
21017511720,22111,720000
21019512514,22113,4200000
21019512922,22115,200000
21008506914,22113,900000
21002504923,22113,1200000
21002504924,22111,1200000
21002504929,22113,1500000
21002505717,22111,1050000
21002505726,22111,4800000
21002505729,22113,6000000
21008507314,22111,2100000
21011509329,22111,48000
21011509714,22111,315000
21014510929,22111,300000
21018512126,22111,1750000
21020513723,22111,3600000
21020513729,22111,900000
21106520224,22115,100000
21112524618,23111,400000
21101516623,22115,180000
21103518220,23111,120000
21103518629,23111,200000
21103518620,22115,900000
21203529817,22111,900000
21201528520,22111,900000
21201528514,22111,1120000
21208533614,22111,500000
21206532220,22113,1000000
21206532226,22113,1000000
21202529429,22111,1500000
21202529420,22113,2100000
21205531714,22113,600000
21205531221,22113,2100000
21201529014,22111,900000
21204530817,22113,1500000
21205531217,22113,3600000
21205531217,23111,7500000
21206532217,22113,2100000
21204530326,22111,500000
21204530317,22115,500000
21209534123,22113,525000
21207532617,22113,2400000
21207532629,22113,2400000
21208533114,22111,3000000
21210534520,22111,1500000
21210534523,22115,700000
21210534529,22111,1500000
21205531729,23111,5000000
21205531726,22113,2400000
21205531726,23111,14000000
21210534517,22111,2100000
21309544620,22111,1050000
21308543420,22111,1500000
21308543426,22111,1800000
21307542214,22111,60000
21307542224,23111,3000000
21306541426,22111,9000000
21306541426,23111,3000000
21306541429,22111,600000
21308543814,22111,750000
21308543829,22111,2100000
21303537813,22113,1200000
21309545024,22113,1050000
21303537815,22111,750000
21309545026,22111,250000
21309545017,22113,140000
21303537823,22111,900000
21303537823,23111,1000000
21303537826,22113,210000
21303537826,23111,1150000
21305540214,22113,375000
21304538621,22113,3000000
21302536223,22113,200000
21302536214,22113,300000
21309545029,22113,2700000
21307543021,22111,2400000
21307543020,22111,2400000
21302537014,22111,900000
21302537029,22113,3600000
21302537029,23111,1000000
21302537023,22111,825000
21302537023,23111,1000000
21304539426,22111,1200000
21304539426,22115,1000000
21304539426,23111,4000000
21304539423,22111,1200000
21304539423,23111,1200000
21304539417,22111,1350000
21303537423,22111,600000
21305541026,22113,900000
21301535024,22113,3000000
21301535029,22113,90000
21305541023,22113,225000
21302536629,22111,600000
21302536629,23111,900000
21302536626,22111,160000
21302536621,22113,2100000
21301535421,22113,4800000
21301535421,23111,3000000
21301535423,22111,400000
21301535417,22111,3000000
21301535417,23111,600000
21304539020,23111,1500000
21304539029,22113,2850000
21304539029,23111,1050000
21307542623,22111,280000
21307542629,22113,900000
21308544226,22111,450000
21306541829,22111,1500000
21303538222,22111,2400000
21303538222,23111,1500000
21306541819,22111,1200000
21306541826,22111,2700000
21308544224,22111,320000
21401545426,22111,2100000
21401545417,23111,1000000
21404547817,22111,1050000
21401545416,22111,2250000
21401545416,23111,2500000
21404547829,22111,2400000
21405550226,22111,1800000
21406551417,22111,1800000
21404549024,22113,1350000
21404549026,22111,600000
21408553014,22113,360000
21408553020,22111,225000
21404548229,22115,200000
21404549426,22111,1800000
21404549426,23111,10000000
21401545826,22111,900000
21401545823,22111,1050000
21401545829,22111,2100000
21401545829,23111,3000000
21404549429,22111,2100000
21402546623,22111,2100000
21407551814,22111,450000
21407551823,22111,1500000
21406550614,23111,800000
21404548223,22111,2100000
21407552223,22111,3000000
21409553420,22111,1800000
21404548614,22111,1050000
21403547426,22111,1800000
21402546223,22111,1800000
21403547029,22111,1800000
21405549829,23111,5000000
21404547823,22113,1200000
21404549029,22111,420000
21403547420,22111,1800000
21404549414,22111,2100000
21404549417,22115,200000
21405550220,22111,1800000
21406551414,22111,3600000
21405549826,22111,1500000
21404549423,22111,2100000
21401545817,22113,900000
21409553426,22113,3000000
21405549817,22111,900000
21407552229,22111,3000000
21405550217,23111,1500000
21406551017,22113,3000000
21406551017,23111,6000000
21510562726,23111,1500000
21510562723,22113,300000
21505558723,22111,4500000
21502555523,22113,3000000
21504557529,22111,1800000
21504557517,22113,1800000
21510562717,22113,1200000
21502555126,22113,1500000
21501553917,22113,1800000
21501553922,22111,2400000
21504557520,22113,1800000
21504557520,23111,3000000
21502555529,22111,3000000
21503555917,22111,1200000
21503555929,22113,3600000
21504557114,22111,675000
21507560323,22111,1800000
21502554720,22113,2400000
21502554720,23111,5000000
21502554717,22113,500000
21501554318,22111,600000
21501554320,22111,1800000
21503556717,22111,3600000
21504557914,22111,2100000
21508560720,22113,1800000
21505558314,22111,2100000
21505558317,22111,2400000
21504557523,22113,2400000
21504557523,23111,3000000
21502555520,22111,1500000
21510562729,22113,1500000
21601564214,22111,3000000
21604567826,22111,3900000
21604567814,22115,250000
21604567023,22111,900000
21603566214,22111,1200000
21603566214,23111,2000000
21603566217,22111,1200000
21607569820,22113,750000
21609571421,22111,1500000
21604567026,22111,360000
21607570214,22111,2100000
21704578517,22113,625000
21703577329,22113,2100000
21701572926,22115,250000
21705579317,22115,300000
21708581726,22113,600000
21702576120,23111,1200000
21707581321,22115,300000
21706580123,22113,1500000
21706580116,22115,400000
21706580126,22113,600000
21708582117,22111,2400000
21703576923,22113,1800000
21706580526,22113,840000
21701572929,22115,500000
21701573314,22113,1800000
21701574129,22113,3600000
21703576917,22113,700000
21703576920,22113,1050000
21703576929,22113,560000
21703577317,22113,1050000
21702576117,22113,4320000
21707581329,22113,1600000
21701573329,22113,3600000
21701573329,22115,200000
21702575317,22113,3250000
21703576914,22113,840000
21704578117,22115,300000
21704578129,22111,2100000
21703577729,22115,200000
21703577717,22113,700000
21704578114,22111,400000
21704578120,22111,1050000
21705579320,22113,800000
21705579329,22113,2100000
21705579723,22115,200000
21705579729,22115,300000
21706580917,22115,400000
21706580926,22113,1400000
21708581729,22113,5225000
21708582123,22113,4500000
21701574923,22113,2100000
21804586721,22111,2400000
21809589629,22115,600000
21801583126,22111,2250000
21802584317,22115,600000
21809589622,22115,2800000
21803584723,22115,500000
21803584717,22115,250000
21805587129,22113,400000
21805587123,22115,900000
21807588329,22113,400000
21809590420,22115,300000
21808589229,22115,1000000
21801582321,22115,2000000
21802583920,22111,1200000
21803584726,22115,5000000
21803585120,22115,800000
21804586320,22115,1800000
21805587120,22115,800000
21807588320,22111,2400000
21807588826,22115,400000
21802583526,22113,1500000
21802583529,22115,300000
21803584720,22115,1050000
21804586317,22115,950000
21802584314,22111,400000
21802584314,22115,1000000
21803585923,22113,1200000
21804586717,22113,3000000
21805587520,22115,1200000
21803585926,22111,1000000
21908598123,22111,150000
21907597320,22111,900000
21903592513,23111,500000
21903592520,22111,1350000
21903593329,22111,600000
21910600115,22111,675000
21910600126,22111,1500000
21904594516,22113,1800000
21903592917,22111,750000
21903592914,22111,500000
21907596917,22111,1275000
21907596926,22111,750000
21907596924,22111,735000
21901592113,22113,1800000
21909599329,22111,900000
21909599326,22111,1200000
21909599317,22111,770000
21908597717,22111,960000
21908597714,22111,210000
21908597729,22111,600000
21906596524,22111,1800000
21903593729,22111,1275000
21903593729,23111,5000000
21909598915,22113,3600000
21909598923,22111,450000
22003602924,22113,2100000
22003602923,22111,1200000
22003602929,22111,315000
22007606923,22113,2100000
22001600914,22111,600000
22001601316,22113,1280000
22109618424,22111,2400000
22109618424,23111,2500000
22104612423,22111,360000
22109618429,22111,2400000
22109618429,23111,16000000
22107616417,22113,4800000
22106615214,22111,600000
22101609617,22111,120000
22101609629,22111,500000
22105614829,23111,250000
22107616819,22111,1800000
22103611614,22111,2400000
22103611620,22111,24000000
22103611620,23111,6000000
22109618817,22111,1800000
22103612020,22111,500000
22103612026,22111,855000
22103612026,23111,2000000
22103610817,22113,4500000
22111619323,22111,3000000
22102610026,22113,9900000
22102610420,22111,1200000
22105614014,22111,1650000
22105613626,22111,1650000
22104612817,22111,270000
22104613226,22111,900000
22104613223,22111,500000
22104613220,22111,900000
22108617614,22111,3300000
22104613229,22111,500000
22206625420,22111,700000
22206625814,22115,500000
22206625820,22115,200000
22206625829,22115,450000
22205624223,22115,700000
22204623029,22113,1200000
22207627023,22115,400000
22206625823,22115,1000000
22204623018,22113,350000
22210629823,22113,2700000
22206625414,22115,2000000
22206625418,22115,3000000
22205625029,23111,2000000
22202620613,22115,400000
22213626223,22115,600000
22202621024,22115,500000
22204622624,22115,1000000
22202620620,22115,500000
22205624620,22115,400000
22212630626,22115,600000
22202620626,22115,400000
22212630629,22115,750000
22212630620,22115,1400000
22204623429,22113,450000
22207626623,22115,400000
22207626623,23111,1500000
22212630614,22115,800000
22306634018,22111,500000
22303632826,22111,4200000
22306634029,22113,270000
22309634813,22111,180000
22309634820,22111,4800000
22309635222,22111,3600000
22301631523,22111,2100000
22301631523,23111,6000000
22301631526,22113,3000000
22302631920,23111,4000000
22302631929,23111,1250000
22302632120,22113,300000
22320632413,22113,4800000
22320632418,22113,3000000
22303633216,22115,6000000
22303633224,22111,6000000
22303633226,22111,4500000
22310635617,22113,750000
22310635624,22113,1500000
22310635626,22113,1500000
22312636014,22113,3600000
22312636414,22113,675000
22313636829,22113,1800000
22317638117,22111,3000000
22317638517,22113,3600000
22321639326,22111,1950000
22401640029,22113,2400000
22409647213,22111,1800000
22407646017,22113,3600000
22403642426,22111,1200000
22407646015,22111,1650000
22409647214,22111,1800000
22402641223,22111,1200000
22406644829,22113,2550000
22406644826,22113,2400000
22408646414,22113,2100000
22408646420,22113,2100000
22404642817,22113,1500000
22405644020,22113,1800000
22405644014,22113,1800000
22401640414,22113,2400000
22401640417,22111,975000
22410647626,22113,1600000
22401640815,22113,1950000
22410648026,22111,1650000
22410648017,22111,1650000
22404643217,22113,3000000
22408646814,22113,1050000
22408646817,22113,2100000
22408646829,22113,1650000
22408646823,22113,1800000
22406645615,22113,2100000
22501654423,22111,2100000
22501654413,22111,750000
22501649214,22111,1200000
22501650823,22111,384000
22501649617,22111,1800000
22501653629,22111,2400000
22501648415,22115,200000
22501648426,22111,1500000
22501648429,22111,1650000
22501650429,22111,1680000
22501652820,22111,2100000
22501652818,22111,5100000
22501654029,22111,900000
22501654017,22111,1500000
22501650416,22111,2040000
22501654426,22111,1950000
22501654019,22111,1500000
22501648818,22111,1520000
22501648829,22111,975000
22501651614,22111,1125000
22603660726,22113,2100000
22603659517,22113,1650000
22601654714,22113,200000
22601654720,22113,450000
22601654729,22113,1000000
22603660718,22111,1800000
22604661921,22113,5400000
22604661926,22113,1050000
22603660723,23111,500000
22606664320,22115,250000
22601656326,22113,2250000
22601656320,22113,300000
22601656323,22113,2100000
22601655126,22113,2100000
22601655117,22113,3000000
22602657917,22113,3000000
22602657920,22113,3000000
22601655514,22113,1500000
22601655520,22113,3000000
22603660326,22111,1800000
22604661515,22111,750000
22602656729,22113,2100000
22604662320,22113,600000
22606663516,22111,200000
22606663520,22111,1800000
22603659923,22113,2100000
22603659929,22113,2100000
22603658721,23111,20000000
22603658722,22111,1500000
22603658722,23111,10000000
22602657114,22113,2550000
22602657118,22111,1500000
22602657129,22111,1500000
22602658317,22113,2250000
22606664329,22111,1200000
22606663929,22113,6000000
22605662717,22113,1200000
22605662729,22113,700000
22602657929,22113,2700000
22602657926,22113,500000
22705667723,23111,3000000
22709672223,22113,2400000
22709672223,23111,3000000
22709672217,22113,2400000
22709672229,23111,2800000
22714675815,23111,3000000
22702665729,22113,330000
22704666923,22113,3300000
22714676214,22111,750000
22714676214,23111,2000000
22701665316,23111,6000000
22701665329,23111,2000000
22703666526,22113,180000
22703666524,23111,10000000
22701665314,22113,750000
22707670223,23111,3000000
22707670214,22113,2100000
22707670214,23111,2400000
22705668214,22113,1500000
22701664920,23111,2000000
22710673420,22113,750000
22706669820,22113,2400000
22706669820,23111,500000
22705668622,22113,3000000
22705668626,23111,3000000
22708671423,22113,1500000
22711674226,22113,2100000
22807686323,23111,2000000
22801677929,23111,2000000
22808686717,22111,1200000
22808686717,23111,2000000
22804681129,23111,3000000
22804682722,23111,5000000
22802678720,23111,2000000
22805683923,23111,1500000
22807686329,22111,2100000
22901689617,22111,1200000
23002703814,22113,2100000
23003706229,22113,2400000
23001700220,22113,1350000
23001700626,22111,1800000
23001700629,22111,1500000
23002701820,22113,3000000
23002702220,22113,2000000
23002702226,22113,900000
23002702626,22111,1050000
23002703013,22113,1800000
23002703020,22111,2100000
23002703029,22111,1500000
23002703414,22111,3000000
23002703426,22111,1125000
23002704213,22111,250000
23002704229,22111,1225000
23002704623,22113,450000
23003706613,22113,1500000
23003707023,22113,3000000
23003707026,22111,900000
23003707029,22113,990000
23005707429,22111,1800000
23006708617,22113,1200000
23006708620,22111,2250000
23006709823,22111,900000
23003706213,22113,450000
23002703026,22113,1350000
23005707829,22113,750000
23003706621,22113,3000000
23003705420,22111,3900000
23006708626,22111,1050000
